DCODE,DNAME,TEACHER,INST_AID,INST_SUP,GUIDANCE,LIB_SPEC,LIB_SUPP,LEA_ADM,LEA_SUPP,SCH_ADM,SCH_SUPP,STU_SUPP,OTH_SUPP,SE_INSTR,SE_SUBJ,SE_CONS,SE_AID,SE_SUPP,SE_OTH,CT_TEACH,CONS,LEA_DIR,COORD,SUPERVSR,SCH_DIR
01010,Alcona Community Schools,37.1,2,,,,,1.2,1,2.1,2,1.95,13.52,3,,,7,,,,,1,,,
02010,AuTrain-Onota Public Schools,5.23,0.86,,,,,1,,0.05,0.45,0.94,1.95,,,,1.65,,,,,,,,
02020,Burt Township School District,5,0.8,,,,,2,,,1,,2.85,,,,,,,,,,,,
02070,Munising Public Schools,32.34,7.59,,1,,,2.56,,2.34,4.7,3.11,14.81,0.67,4.66,1,6.62,,0.65,,,,,,
02080,Superior Central School District,15,3,,,0.17,,1.4,,0.67,2,,8.07,3,,,3.93,,,,,2,,,0.6
03000,Allegan Area Educational Service Agency,7.29,23.56,4,1,,,12.1,6.31,8.9,17.78,2,58.25,14,4.3,7.8,28.69,16.33,13.4,17,,4.5,,,
03010,Plainwell Community Schools,128.3,27,1,4,,,1.11,1,7.8,15,3.9,42.49,14,1,2,9,1,,,,4.74,,,
03020,Otsego Public Schools,113.19,21,1.25,5.5,1,,3,2,6.75,13.8,4,67.7,8.55,3.95,,9.3,1,,,,4,,,
03030,Allegan Public Schools,119.76,24.44,1,4.93,,2.5,9.4,2,1,17.24,1.01,61.7,8,8,2.5,4.91,5.3,1.5,,,1.43,,,
03040,Wayland Union Schools,136.87,18.82,,4,1,4.96,1,2.26,13.2,17.95,11.44,47.12,7.44,8,2.91,3.37,5,4.14,,,4,,,0.5
03050,Fennville Public Schools,65.85,15.42,0.5,1,,2.75,1.5,1,4.5,6.4,0.7,31.5,,6.8,1,4,1,,,,3,,,
03060,Martin Public Schools,28.58,7.8,,1,,,0.6,,1,3,8,34.3,2,,0.5,,0.8,1,,,,,,
03070,Hopkins Public Schools,74.09,14.4,,3,,,3.6,1.02,8,6.27,5.8,53.25,4.5,1.5,,6.6,1,,0.25,,,,,0.5
03080,Saugatuck Public Schools,42.45,7.35,,0.9,0.8,1.5,1,0.25,2.27,5.65,3.75,17.1,3.75,0.25,1,3,1.8,,,,0.6,,,0.9
03100,Hamilton Community Schools,122.85,19.32,,2.5,0.6,,2,2,7.85,14,1,75.39,12.65,2.85,2,18.62,3.7,,,,0.7,,,
03440,Glenn Public School District,3.05,2.95,,0.2,,,0.01,,0.39,0.45,,0.77,0.5,,,,,,,,,,,
03902,Outlook Academy,3.15,2,,0.4,,,0.2,,,,0.42,,,,,,0.38,,,,0.2,,,
04000,Alpena-Montmorency-Alcona ESD,1,1,1,,,,5.95,2,1.05,7,9,9,6,,17,11,6,1,,,,,,
04010,Alpena Public Schools,166.74,21.34,1,6.8,,,2.9,3,12,28.06,33.08,109.06,9.2,12.85,0.95,42.96,,,5.32,,2.6,,,0.5
04901,Bingham Arts Academy,14.5,2,1,,,,0.1,,0.9,1,3,1.5,,1,,,,,,,,,,
05010,Alba Public Schools,11.14,1.6,,,,,1.1,1,0.6,0.5,,5.5,0.44,0.56,,,,,,,,,,
05035,Central Lake Public Schools,15.7,,1,0.8,0.2,,1,,3.17,4,2.3,9.71,,,2.6,,,1,1.4,,,,,
05040,Bellaire Public Schools,22,2,,1,,,0.95,,1.65,2,2.75,10.67,2.2,,,,,,,,,,,
05060,Elk Rapids Schools,61.47,26.46,0.5,2.5,,1,2.55,1,7,8.8,9.2,30.97,4.5,1.5,,,,,,,0.5,,,1.5
05065,Ellsworth Community School,11.7,4.57,,1,,,1,,1.1,1.05,2.1,14.72,1,,,,,,0.5,,,,,1.05
05070,Mancelona Public Schools,47.95,10.48,,2.75,0.5,1.99,1,,5,9.51,1,13.2,5.8,,,2.53,,,,,0.5,,,
06010,Arenac Eastern School District,16.98,4,,0.34,,,1,1,0.26,1,,6.57,0.17,1.83,,,,,,,,,,
06020,Au Gres-Sims School District,18.6,3.07,,0.5,,,3.1,1,3,1.2,0.1,8.49,0.8,1,,0.75,,,,,,,,
06050,Standish-Sterling Community Schools,72.05,15,1,3,1,,2.5,1.7,6.1,8.05,2.3,55.35,7,,,4,,,0.3,,2.25,,,
07010,Arvon Township School District,0.84,0.92,,,,,0.25,,,0.4,,,,,,,,,,,,,,
07020,Baraga Area Schools,28.88,3.05,,1.14,,,1.95,1,1.05,2.3,5.5,12.6,3.7,1,,0.5,,1,0.44,,0.3,,,
07040,L'Anse Area Schools,39.41,2.88,,1.5,,1.54,1,1,2,3.28,1.83,12.14,2.67,2.33,,3,,,0.33,,,,,0.05
08000,Barry ISD,1,6.2,,,,,3,,1,3.6,,5.8,5,,6.7,10,8.5,1,,,1,,,
08010,Delton Kellogg Schools,67.02,16.2,0.2,3,,,2.05,2,3.45,8.7,4.9,36.6,3.9,4.1,,4.5,,1,,,1.5,,,0.5
08030,Hastings Area School District,119.65,7,1,2,2,,4,2,9.25,11,7,30.1,10,6,,,,18,3.4,,1.5,,,1
08050,Thornapple Kellogg School District,131,18.25,4,5,1,,4,2,7.08,17.17,8,66.45,13.3,1.2,4.3,15.88,4.2,1.18,,,0.6,,,2.02
09000,Bay-Arenac ISD,1.72,13,3,2,,,14,2.59,1,21.72,9.68,22.73,19,11,39,58,45,13.8,26,,4,,,
09010,Bay City School District,356,24,5.5,14.5,7,1,2.1,15,25.1,40.05,12,291.9,13.4,43,7.5,21,,,1.75,,13.3,,,2.6
09030,Bangor Township Schools,104.17,16,,4,,2,6,1,10,13,4.8,47.9,,14,,16.35,1,1,,,1.6,,,
09050,Essexville-Hampton Public Schools,76.84,12.32,1.17,4,,,2.1,1.25,6.5,11.41,6.3,31.37,1.17,8.99,,13.67,,,,,2.5,,,1
09090,Pinconning Area Schools,64.07,11.1,,2.17,,,2.49,1,4.51,12.09,7.64,42.25,3.66,2.34,,7,1,2.86,,,,,,
09901,Bay-Arenac Community High School,5,,,,,,1,1,1,,2.75,,,,,,,,,,0.85,,,0.15
09902,Bay County PSA,23.5,3,,,,,1,,2,,,5.36,,2,,,,2,,,,,,1.5
09903,Bay City Academy,37.23,2,,,,,1,,2,6,6,2.4,,,1.6,,,1,,,0.5,,,
10015,Benzie County Central Schools,74.94,11.33,,2,,,1.25,,7.5,9.62,2,44.75,8.5,,,8.77,,,,,3,,,
10025,Frankfort-Elberta Area Schools,29.67,5,,,,,0.95,1,2.22,2.31,0.2,12.93,2.67,,,1,,,0.43,,1.02,,,
11000,Berrien RESA,,1,4,,,1,12.5,2,9.41,21.03,6,56.5,52,1,22,57,37.6,12.9,,,5,,,
11010,Benton Harbor Area Schools,121.5,41.5,3,5,,,3,4,20.5,17.75,11.5,115.2,6,22.5,1.75,28,1,,8.5,,1,,,
11020,St. Joseph Public Schools,128.74,10.6,3,5,1,,2,2,7,11.3,12.75,54.24,9,1,3.2,12.5,2,2,2.2,,5.2,,,1
11030,Lakeshore School District (Berrien),126.2,7.98,3,7,0.6,,4,2,8,13.34,16.93,45.75,10.6,4.6,3,14.98,1,,2.6,,2,,,
11033,River Valley School District,39.8,6.4,1.48,2,,1.2,5.2,1,2.8,6.15,,23.92,2.8,2.6,1.6,,,,0.2,,0.5,,,
11160,Galien Township School District,,,,,,,1,,,1,,0.5,,,,,,,,,,,,
11200,New Buffalo Area Schools,50.8,0.7,2,3,,0.85,4,2,4.6,7.95,3.5,32.65,4.4,,1,1.5,,,1,,,,,
11210,Brandywine Community Schools,61.26,18.65,,2.66,,,1.5,2.34,5.5,9.68,1.6,37.89,7.5,,2,2,,,2.85,,3,,,
11240,Berrien Springs Public Schools,93.39,20.75,2,3,,,3.1,1,10.2,15.25,7.15,52.56,8.66,4.67,4.01,8.7,1,1.5,1,,,,,0.3
11250,Eau Claire Public Schools,66.82,30.05,,0.8,,,4,,,9.25,4.45,30.53,2.72,,,,1,,,,2.66,,,2
11300,Niles Community Schools,160.53,43.94,2,3,,,1,3.48,14.5,24.7,5.25,131.34,18.82,19.18,8.77,28.64,3,6.77,3,,5.5,,,2
11310,Buchanan Community Schools,72.44,10.14,0.92,3,1,,2.5,1,6.39,10.5,11,33.06,4.5,3,2,8.1,,,2.5,,5,,,
11320,Watervliet School District,62.51,15,1.11,3,,,2,1,6,24,2.5,45.79,5.14,4.78,,4,,,,,1.81,,,1
11330,Coloma Community Schools,85.03,13.2,1.7,2.1,,,3,,6.6,15.35,3.2,40.9,5.04,7.83,2,6,3,1,6,,3,,,
11340,Bridgman Public Schools,52.74,,,2,1,,2,,4,7.5,13.25,31.88,7,1,1,,,,,,2,,,
11670,Hagar Township S/D #6,4.5,1.25,,,,,0.5,,,0.25,,,,,0.2,,,,,,1,,,
11830,Sodus Township S/D #5,4,3.5,,,,,1,,0,,0.5,,0.5,,,,,,,,,,,
11901,Countryside Academy,27.2,6.6,,1,,,1,1,2,3.4,0.4,3.7,1.8,,,0.6,,0.8,,,,,,
11903,Benton Harbor Charter School,22,7,,,,1,0.2,,3,3,2,8.5,1,,,,,,,,,,,
11904,Mildred C. Wells Preparatory Academy,8.5,0.75,,,,,0.01,,0.49,1.1,,2.16,1,,,1,1,,,,,,,
11905,Dream Academy,9,4.98,,,,,0.01,,0.99,1,3,7.84,,,0.4,,,,,,,,,
12000,Branch ISD,8.2,31.39,2,2,,,4.99,2,6.45,18.46,1.75,40.32,24.6,20.4,6.39,43,5,9,16,,1,,,0.84
12010,Coldwater Community Schools,146.72,11.72,1,4.8,1,0.88,2.52,,12.22,19.08,13.26,41.36,,,,,3,,,,0.59,,,
12020,Bronson Community School District,54.84,16.61,2,1,,,2.5,,3.66,9,3.24,31.2,,,,,,,,,,,,
12040,Quincy Community Schools,59.5,9.79,,2,,,3,1,4,6.72,2.95,23.43,,,,,,,,,2.5,,,1
12901,Pansophia Academy,15,5.26,,,,,0.2,,1,2,1.5,10.19,2,,,,,,,,,,,1
13000,Calhoun ISD,4,10.62,12,2,,,15.95,4,34.55,43,3.73,24.81,12.5,25.5,56.93,67.01,53.2,12.1,19.56,,3,,,
13010,Albion Public Schools,41.4,13,,,,,2,1,4,4,2,4.69,9,3,,6,7,,,,,,,
13020,Battle Creek Public Schools,279.13,21.15,,5,,,9.01,1.76,29.34,37.59,20.46,144.65,43.5,3,2.5,25,,5,,,4.04,,,1
13050,Athens Area Schools,29,5,,1,,,1,1.33,2.05,3.5,2,14.8,3,,,4,1,,,,0.95,,,
13070,Harper Creek Community Schools,131.25,20.12,2,4.5,1,,3.04,4,9.52,10.09,3,45.29,12.5,5.25,1,22,1.5,,0.25,,3,,,
13080,Homer Community School District,53.05,9.62,,,0.17,1.93,0.95,1,3.05,5.63,0.89,23.98,3.5,3.33,,8,2,,,,2,,,2.6
13090,Lakeview Sch. District (Calhoun),191.65,30.54,2.09,6.8,1,,2.9,2.01,11,24.7,16.2,60.06,19.67,0.33,,16.99,0.75,,,,3,,,3.6
13095,Mar Lee School District,19.2,3,,,,,1.9,,1.1,2,1.75,4.75,,,,2.75,,,,,,,,1
13110,Marshall Public Schools,114.5,7.5,3,5,2,3.5,5,3,6,15,1,44.38,11.6,1.8,1,9.5,,4,,,,,,1
13120,Pennfield Schools,98.02,9.5,4,5,,1.5,0.95,,8.05,12.1,15.62,47.9,4.5,5.5,,4.88,,2.4,1,,1,,,
13130,Tekonsha Community Schools,15.41,9.29,,0.83,,0.75,1,0,0.05,2.5,0.25,13.04,1,,,1,,,,,,,,
13135,Union City Community Schools,50.16,20.5,2,3,,3,3.5,,3.01,8.1,,30.2,7.84,2,,10,,,,,1.49,,,
13901,Arbor Academy,23.5,0.8,0.2,,,,0.91,,1,2,0.2,2.2,,,,,,,,,,,,
13902,Endeavor Charter Academy,33.01,6.4,,,1,,3.02,,,2.47,,5.83,2,,,0.81,0.1,,,,,,,
13903,Marshall Academy,14.54,0.2,,,,,0,,0,1,1.94,2.25,1.72,0.28,,,,0.5,,,,,,1
13904,Battle Creek Area Learning Center,8.84,2,,1,,,,,,1.05,,0.97,1.75,,,1,,,,,0.95,,,0.05
14000,Lewis Cass ISD,1,11,0.5,,,,5,1.1,2.6,4.11,2.69,51.85,10,1,10,21.5,14,2,,,2.82,,2,
14010,Cassopolis Public Schools,49.3,12,,1,1,,7.05,2,,7.21,9.5,35.36,4.6,,,1,,,1,,1.05,,,
14020,Dowagiac Union School District,107.72,18.96,2,4.19,1,4.2,3.7,1,4.2,16.22,21.19,44.55,7.59,5.19,,7.2,,,1,,,,,
14030,Edwardsburg Public Schools,107.98,6.98,1,3,2,,1,1,7.05,15.81,6.43,62.77,6.17,4.83,2,0.51,3.3,,1,,2.95,,,
14050,Marcellus Community Schools,38.68,2,1.25,1,,,1.01,2,4.16,4.95,3,21.17,2,,1,,1,,,,,,,0.25
15000,Charlevoix-Emmet ISD,5,1.56,5,,,1.92,9.27,1,14.5,25.72,17.06,37.22,12,4,22.2,27,22.93,2,,,1.35,,,
15010,Beaver Island Community School,8.59,0.4,0.16,0.83,,,1,,0.09,1.75,0.71,2.29,1.16,,,0.6,,,,,0.12,,,1
15020,Boyne City Public Schools,64.72,15.56,,2.3,,1,1.05,1,8.9,6.31,3.37,36.86,3.8,3.6,,4.52,,,2.8,,2.1,,,0
15030,Boyne Falls Public School District,11.01,2.53,0.06,0.6,,,1.3,,0.6,1.42,1.67,6.76,0.12,1.88,,,,,0.5,,0.59,,,
15050,Charlevoix Public Schools,56.9,1.7,1,2,,,1,,5,5.5,9.5,22.27,6,1,1,,,3.5,2,,,,,1
15060,East Jordan Public Schools,50.17,4.87,,2,,,3,1,2,5,6.78,17.17,2.25,2.08,,1.06,,,1,,,,,
15901,Concord Academy Boyne,16.7,1.5,,,,,,,1,1,,,,,,,,,,,,,,1
15902,Northwest Academy,7.51,,,,,,1,,,2,4,2,1.66,,,,,,,,0.51,,,
16000,Cheb-Otsego-Presque Isle ESD,,,1,,,1,4,,2.5,6.65,1,12.99,9.93,,18.4,20,14.37,2.47,,,1,,,
16015,Cheboygan Area Schools,81,29.25,1,1,1,,2,1,8,12,8.24,40.1,11,1,,18,2,,6.66,,1,,,
16050,Inland Lakes Schools,38.38,5.67,,1,,,3.2,1,2,2.28,8.03,22.83,4.8,,,6.37,,,,,3.46,,,1.6
16070,Mackinaw City Public Schools,16,0,,0.5,,,0.8,1,0.6,1.04,,3.7,1,,,,,,,,,,,0.1
16100,Wolverine Community School District,19.8,3.75,,,,,1,1,2.8,1,1,9.58,1.4,1,,,,,,,,,,
17000,Eastern Upper Peninsula ISD,,,4.65,,,1,2.8,2.04,1.41,11.3,3.3,36.2,3,3,16.57,15,14.24,1.45,,,4,,,0.5
17010,Sault Ste. Marie Area Schools,111.76,8.65,1,3,,1,1.85,2.06,6,14.88,15.11,57.62,8.26,8.65,,19.12,,,6.74,,5.95,,,1.66
17050,DeTour Area Schools,11.65,0.47,,,,0.5,2.06,0.9,,1.78,1.17,5.08,0.33,,0.06,0.11,,,,,0.1,,,0.34
17090,Pickford Public Schools,26.95,9.95,,,,,1.58,,1.73,18.45,4.43,7.85,1,,,,,1.87,3.98,,1.16,,,
17110,Rudyard Area Schools,41.38,4,,1,,,1.92,2.61,3.02,5.15,4.91,15.63,3,,,5,,,,,,,,
17140,Brimley Area Schools,27.92,1,,1,,,2.6,,2,3.05,1.75,8.35,3.24,0.33,,2.8,,,,,,,,
17160,Whitefish Township Schools,7.34,0.89,,,,0.17,0.88,0.26,0.12,,0.1,3,0.33,,,,,,,,,,,
17901,Joseph K. Lumsden Bahweting Anishnabe Academy,42.5,22,1,,,1,2,1.17,3.97,5,3.53,12.37,,4,1,2,1,,,,,,,1
17902,Ojibwe Charter School,10.4,1,,,,,1,,1.1,1,0.5,2.2,2,,,,,1,,,,,,0.4
17903,DeTour Arts and Technology Academy,3.64,3.21,,,,,0.1,,,,0,,0.25,,,,,,,,,,,0.4
18000,Clare-Gladwin Regional Education Service District,1,4.83,9,1,,1,4.3,2.8,20.9,10,1.5,71.56,10,,13.6,31,16.5,4.8,8,,3,,,2
18010,Clare Public Schools,74.05,9.15,1,1.7,,,3,,4.68,8.1,4.5,34.5,1.05,4.95,,8.5,,,1.01,,,,,
18020,Farwell Area Schools,65.15,1,,1.6,,1,4.55,1,7.95,9,19.65,38.35,6,0.5,,,,3,,,0.25,,,
18060,Harrison Community Schools,62.5,4,,2,,,2,1,9.5,6,8,4.6,2.25,9.25,,,,11,,,1,,,1
19000,Clinton County RESA,,4,4.9,,,,5.6,0.8,6.45,17.17,1.39,8.32,11.6,5,15.8,8,20.5,23.49,1.26,,1,,,
19010,DeWitt Public Schools,135.67,10.57,2,4.5,,,3.3,1,10.51,20.93,2.25,65.01,13,,,15.71,1,,,,2.7,,,0.2
19070,Fowler Public Schools,31.5,0.25,,0.9,,0.75,0.51,0.6,2.65,3,3.35,7.25,,0.5,,3.75,,1.5,,,,,,
19100,Bath Community Schools,48.23,3.09,0.25,1,0.86,,1.05,0.94,2.75,5.38,5.25,17.53,2.33,2.34,,2.89,1,,,,3.2,,,1.5
19120,Ovid-Elsie Area Schools,77.47,,1,2.5,,1,2,0.8,4.2,8.54,15.03,56.53,0.34,4.66,,,,,,,2.8,,,2
19125,Pewamo-Westphalia Community Schools,32.53,2.5,,1,1,,1,1,2.17,3.4,1.5,27.22,2,,,5.35,,,,,1.48,,,
19140,St. Johns Public Schools,138.62,14.74,1.75,5,,6.3,2,1,8.6,17.7,6.27,88.71,6.17,11.23,,15.64,,,1,,1,,,1
20015,Crawford AuSable Schools,89.5,8.58,1,1,,,3,0.36,6,8.05,3,23.41,7,3.75,1,12.58,2,1,,,1.5,,,
21000,Delta-Schoolcraft ISD,6,0.5,2,2.25,,,4.58,3,3.35,9.27,4.3,2.01,7,0.05,5.25,14.3,14.75,4.15,8.61,,3.95,,,
21010,Escanaba Area Public Schools,106.21,17.69,,1.4,,,3,3,5.5,9.83,12.03,52.64,4.65,12.6,3,37.36,4,3,0.2,,3.5,,,
21025,Gladstone Area Schools,68.3,2.89,,0.8,0.2,4.13,2.7,1,4.97,8.84,2.35,29.66,0.2,4.8,2.4,7.39,,,,,1,,,1.3
21060,Rapid River Public Schools,15.81,1.55,0.26,,,,1.1,,0.1,4.8,1.91,9.48,0.2,1.8,,,,,,,1,,,0.45
21065,Big Bay De Noc School District,13.86,2.85,0.7,,,,0.45,,0.88,2.4,1.27,7.4,,1.36,,0.65,,,,,,,,0.05
21090,Bark River-Harris School District,32.47,6.97,,1,,,1,,2.2,3.09,,20.78,,2.4,,1,,,,,,,,
21135,Mid Peninsula School District,12.8,,,,,,0.95,,0.65,2,0.33,6.68,1,,,,,1,,,,,,
22000,Dickinson-Iron ISD,1,17.58,2.51,,,,1.95,1,1.05,10.66,7.1,11.55,7,,6.8,19.5,8,2.2,9,,4,,1,
22010,Iron Mountain Public Schools,61.15,9.58,1,1,,,3,1,4.5,9.76,1.5,17.54,4.99,,,1,0.5,,,,,,,
22025,Norway-Vulcan Area Schools,33.99,8.05,0.5,0.67,,,1,0.2,2,4.6,1.14,14.25,3.5,1,,1.21,1,,,,,,,
22030,Breitung Township School District,75.73,6.82,,1.67,,,1.98,5.11,4.66,3.48,4.21,29.91,2.15,7.28,1,0.93,0.5,,,,3,,,1.25
22045,North Dickinson County Schools,14.04,4,,0.67,,,0.95,0.5,0.05,2.9,0.2,6.45,2,,,,,,,,0.3,,,0.8
23000,Eaton ISD,2,1.67,4,,,,11,1,7,10.8,2.77,36.01,10,,22.99,20,29.91,9.71,1,,2,,,
23010,Bellevue Community Schools,30.5,4.71,0.5,1,,0.5,1,,3,3.72,1,19.37,4,1,,5.61,,,,,,,,1
23030,Charlotte Public Schools,123.94,2.24,5,4,0.5,0.9,4,1,7,19.46,3.69,56.05,7.01,12.84,1.55,16.79,,1.94,,,3.13,,,1.67
23050,Eaton Rapids Public Schools,113.5,18.39,2,3,,4,1,1.05,14.95,16,,55.93,23.5,,1,26.4,,,,,2,,,2.55
23060,Grand Ledge Public Schools,224.05,19.2,4,8,,,5,4.75,14,37.25,14.55,104.1,18.65,26.75,2,50.45,,11.4,1.95,,3,,,
23065,Maple Valley Schools,51.3,4.31,,2.4,,1.69,1,0.7,3.15,6.89,4.05,20.02,3.7,2.5,,7.92,,,3.25,,2.9,,,
23080,Olivet Community Schools,81,10.3,1,1,,,3,,3.5,10.4,5.5,34.22,4.22,2.35,0.43,10,,,,,2.5,,,
23090,Potterville Public Schools,52.65,5.46,,0.8,0.8,0.64,1.6,,4.4,7,1.4,21.95,3.4,,0.6,8.2,,,0.33,,,,,
23490,Oneida Township S/D #3,1,,,,,,0.1,,0.1,,,0.38,,,,,,,,,,,,
23901,Island City Academy,11.8,,,,,,1,,,2.25,1,,1,,,,,0.5,,,,,,
23902,Relevant Academy of Eaton County,3.5,1.3,0.5,,,,3.2,,0.3,,0.5,,,,,,,,,,,,,0.4
24020,Harbor Springs School District,50.45,5.34,1,2.8,1,,1,1,4.1,6.27,6.15,25.23,1.4,2.6,,9.35,,,,,,,,2
24030,Alanson Public Schools,17.46,,,,,,1,,,,,3.81,2,,,,,,0.6,,0.34,,,0.2
24040,Pellston Public Schools,31.26,3.4,,,,,1,1,4,2.75,2.84,10.51,2.86,,,0.64,,,0.84,,,,,
24070,Public Schools of Petoskey,131.85,36.49,1,4,,,4.36,1,8.59,17,12.25,60.4,9,6,,26.2,,,4.4,,1.06,,,
24901,Concord Academy - Petoskey,17.33,0.66,0.5,,,,1,,0.5,1.17,2.17,,2,,,,,,,,,,,
25000,Genesee ISD,27.2,25.39,33,2,,3,10,16,6.4,73.41,82.25,260.67,92,,27.4,168,46.27,14.71,,,9.62,,,
25010,"Flint, School District of the City of",429,94.86,39.25,12,3,1,1,13,37,101.07,45.78,848.03,87,2,10,40.74,32,5,29.88,,9.85,,,1
25030,Grand Blanc Community Schools,378.8,27,1,10,2,12,6.27,0.5,18,44.5,24.5,152.2,5,1,49,39,9,,5,,1,,,
25040,Mt. Morris Consolidated Schools,97.12,20.7,2,3.38,,,2.71,3.19,9.5,14.6,14.4,50.21,4.67,15.03,4.8,13,4,,,,1.42,,,0.68
25050,Goodrich Area Schools,87.67,,2.32,3,,,2.1,1,5.4,7.87,9.53,60.46,3.08,7.49,,15.25,,0.34,,,0.5,,,
25060,Bendle Public Schools,72.98,19.4,0.7,4,,,1.1,1,7.5,14.25,10,25.98,5,2,2,1,3,8.9,,,,,,0.5
25070,Genesee School District,40.75,5,1,0.5,,,1.4,1,2.6,4.4,7.5,17.7,2,1,0.5,1,,,,,,,,
25080,Carman-Ainsworth Community Schools,198.78,39.42,0.75,10,2.2,,5.3,3.1,19,32.2,30.86,102.77,16.4,18.6,7,,5,,5.4,,3,,,
25100,Fenton Area Public Schools,144.51,11.97,0.33,5.5,,3.15,5,1,11.57,18.93,15.51,59.37,14,10.1,7,13.55,5,8.49,,,2.1,,,2.21
25110,Kearsley Community School District,128.2,19.59,7.5,6.5,,4,2.1,3.17,8.5,15.27,7.63,97.63,4.1,10.4,8,25.25,2,,1,,1.9,,,
25120,Flushing Community Schools,177.88,17.9,8.25,3,0.6,,2.1,3.37,10,23.2,23.84,88.05,23.6,4.01,4.3,26,2.99,0.49,3.39,,2,,,
25130,Atherton Community Schools,39.08,,,1,,,1,0.5,3,4.02,1.56,12.28,5.52,,1,,2,,,,,,,0.25
25140,Davison Community Schools,233.4,41.36,3,10,2,2,6,2.1,19.53,43.97,34.7,116.99,7.68,20.32,6,17.97,1,0.25,5.5,,4,,,0.25
25150,Clio Area School District,149.7,13,1,5,2,4,3,,11,28.27,5.4,81.95,7.75,6.4,6.1,9,1.67,0.5,1,,1,,,2
25180,Swartz Creek Community Schools,173.9,19.8,,4,,,4.05,4.16,13,25.57,37.02,71.98,10,8.6,8.2,24.01,1.58,,,,,,,3
25200,Lake Fenton Community Schools,80.17,10.48,1,1.83,0.75,1.88,3,1.7,4.51,10.94,10.54,42.97,7,2.75,2,12.39,,0.15,0.5,,1,,,0.5
25210,Westwood Heights Schools,43.83,4.05,,,,,1.35,,2.33,4,4.73,28.73,2.47,4.04,1,5,1,,0.17,,1.15,,,
25230,Bentley Community School District,37.03,3.65,0.45,2,,,2,1,2.05,5,5.98,17.07,3.26,2.07,1,6.97,0.5,,,,0.5,,,
25240,Beecher Community School District,69.75,12.06,,2,1,,2.9,1.94,10.35,14.54,5.49,49.33,6,2,,3.82,4,,,,3,,,1
25250,Linden Community Schools,116.8,14.7,3,3,,,3.01,1.19,6,13,26.7,36,3.25,16.75,6,,3.5,25,,,3,,,1
25260,Montrose Community Schools,65.8,14.65,1.01,2,,,4,2,2.25,11.3,7.05,36.19,9.3,2.9,0.8,,,,0.2,,,,,
25280,LakeVille Community School District,63.1,7.93,,2,,,1.4,0.11,4,4.84,9.25,10.69,0.6,7.4,0.4,10,,,,,1.1,,,0.5
25902,Woodland Park Academy,25,2,,,,,0.99,1,1.21,1,1,4.25,2,,,1.75,0.25,,,,,,,1.8
25903,Grand Blanc Academy,24.9,3.25,1,1,,,0.2,1,0.8,1,1.1,4.31,3,,,3,1.1,,,,,,,
25904,Northridge Academy,11.5,4.99,,,,,0.01,1.33,0.99,,1,2.8,1,,0.5,2.38,,,,,,,,
25905,International Academy of Flint,55.5,3,1,,,,0.5,,10,7,23,8.75,1,4,,2,3,5,,,0.5,,,
25907,Linden Charter Academy,34,11.06,,,,,3.8,,0.01,2.38,,5.53,4,,1,2.5,1.4,,,,,,,
25908,Academy of Flint,25,20.23,,,,,1,,2,4.75,2,11.58,3,,,1,1,1,,,,,,
25909,Burton Glen Charter Academy,32.87,11.88,,,1,,5,,0.01,2.38,,3.82,3,,,3.82,1.9,,,,,,,
25910,Richfield Public School Academy,41.6,1,,,,,1.8,1.1,1.2,3,7.75,10.88,3,1,1,,3,2,,,1,,,1
25911,Madison Academy,28.9,,1,,,,1.3,,3,3.25,,3.75,4,,1,,1,,,,,,,
25912,The New Standard Academy,20,,,,,,0.3,,1,2.5,1,2.5,2,,,,,,,,,,,
25913,Alternative Path Academy,3,,,,,,,,2,1,1,3,,,,,,,,,,,,
26010,Beaverton Rural Schools,57.63,6,,2,,,6.9,1,1.1,6.8,4.91,39.93,5.8,4.4,,7.6,,1,1.66,,,,,
26040,Gladwin Community Schools,81.92,26.1,,1,,,1,,11,11.63,12.64,43.79,0.4,11.6,,,1,,,,,,,3
27000,Gogebic-Ontonagon ISD,,,,,,,2,1,2,2,,0.99,3,1,8,10,5.3,,3.65,,2,,,
27010,Bessemer Area School District,23.4,3.5,,1,,,1,,,2,,9.18,2.85,,,,,,,,,,,
27020,Ironwood Area Schools of Gogebic County,47.76,7.03,,1.54,,,0.66,1.5,2.15,9.75,4.5,17.15,,5.16,,,,,,,0.25,,,0.15
27070,Wakefield-Marenisco School District,17.64,0.91,,1,,,1.65,,,2.08,,6.31,2,,,0.75,,0.13,,,0.13,,,
27080,Watersmeet Township School District,13.18,,,0.5,0.25,,2,,,2.07,4,3.11,1.17,0.83,,,,3,,,,,,
28000,Traverse Bay Area ISD,8.1,18,1.64,2.1,,,16.5,2,17.6,40.5,0.8,67.3,19,29,80.5,91,72.4,17,25.66,,1.5,,1,
28010,Traverse City Area Public Schools,433.67,66.04,14.75,12.4,4.6,,10,11.01,35.12,72.64,39.84,310.05,22.8,29.8,1,45,10,,2.66,,9.1,,,2.3
28035,Buckley Community Schools,24.77,2,,0.18,,,1,,1.01,3.07,0.57,9.21,1,1,,0.63,,,,,3,,,1
28090,Kingsley Area Schools,66.95,5.38,,2,,,1.95,,1.55,3,4.64,12.44,6.55,,,2.06,1,1,,,1.37,,,
28901,Woodland School,10.7,2.08,,,,0.4,1,,,1.8,0.4,2,0.84,,,,,,,,,,,
28902,Grand Traverse Academy,58.9,5,,1,,,2,,2,10.5,3,11.5,2,1,,,,,,,,,,
28903,Traverse City College Preparatory Academy,5,0.8,,,,,0.01,,0.99,1,,2.97,1,,,,,,,,,,,
28904,The Greenspire School,4,1,,,,,,,0.75,0.25,,0.25,,,0.25,,,,,,,,,
29000,Gratiot-Isabella RESD,,45.7,2,,,,6.9,4,0.1,19,21,18,22,,21,,20.1,3.8,,,,,,
29010,Alma Public Schools,103.25,30.31,1,2,1,2,2,,9.5,16,30.18,74.93,5,8,2,4.74,3,,2,,3,,,1.1
29020,Ashley Community Schools,17.58,5,,0.68,,1,3,,,3.63,1.12,10.25,2,,,,,,,,,,,
29040,Breckenridge Community Schools,40.46,9,,1,0.5,0.5,1.45,,2.9,6.05,5.3,27.6,3,,1,1,,,,,,,,
29050,Fulton Schools,44.5,2,,3,,,2.5,1,3,6.75,8.26,17.01,0.4,2,0.6,,,2.75,,,,,,0.75
29060,Ithaca Public Schools,65.65,19.61,1,3,,,1.6,2,4.15,5.88,3.9,36.24,1.45,7.5,0.5,4.87,1,,,,,,,
29100,St. Louis Public Schools,54.58,14,,2,,,1,,3,9,3,23.75,6,,,,1,3,,,,,,
30000,Hillsdale ISD,1.75,3,,,,,6,3,2,13.05,1.2,68.41,18,2,16.41,19,7.51,28,8.5,,2,,1,
30010,Camden-Frontier School,33.22,4.25,,0.83,,,0.6,0.43,0.6,2,2,11.67,4,,,,0.57,,,,,,,
30020,Hillsdale Community Schools,71.44,14.16,,1,,,3.9,0.5,4.15,10.11,3.54,27.97,6.85,3,,4.96,,3.04,,,,,,0.1
30030,Jonesville Community Schools,68.8,10.67,,1.8,,,5.01,1,3,6.88,8.41,33.49,2.6,1.8,,4.18,,,,,1,,,0.09
30040,Litchfield Community Schools,16.08,5.42,1,,,,0.8,,2.2,3.8,1.1,12.26,2,,,,,,,,,,,
30050,North Adams-Jerome Public Schools,18.99,,,0.4,,1,0.7,1,1.33,2,5.45,17.15,2.2,,,,,,,,,,,
30060,Pittsford Area Schools,30.09,2.14,0.58,0.21,,,2.48,,1.48,5.61,0.42,14.71,0.7,,,0.66,,,,,0.97,,,
30070,Reading Community Schools,41.51,11.83,0.75,1,,,2.56,,2.44,5.2,3.37,25.3,2,2,,1,,,,,2.7,,,
30080,Waldron Area Schools,16.11,2.5,,0.25,,1,2.25,,0.34,2.5,0.25,11.08,1.5,,1,2,,,0.51,,,,,
30901,Hillsdale Preparatory School,8,1.5,,,,,,,1,1.5,,0.5,,,,,,,,,,,,
30902,Will Carleton Charter School Academy,23,1,,,,0.38,0,,1,1.5,10.5,2,,,,,,,,,,,,0.5
31000,Copper Country ISD,,2.35,11.81,,,,3,2,1,5.75,1.75,14.36,7,7,8.26,16.8,6.83,2.44,2.33,,3.25,,,
31010,Hancock Public Schools,46.3,5.2,,0.8,,,0.89,,2.11,4,2.1,11.45,1.6,1.5,,2.5,,,,,,,,
31020,Adams Township School District,21.5,,,0.83,,,2.28,,0.3,3.2,2,8.2,2,,,,,,,,,,,
31030,Public Schools of Calumet,84.2,4.7,,2.6,,,2,1,6,8.3,3.87,36.4,6.2,,,5,2,,,,,,,
31050,Chassell Township School District,15.97,3.1,,,,,0.99,1,0.01,1,,6.92,0.5,,,1,,,,,0.34,,,
31070,Elm River Township School District,1.8,,,,,,,,0.25,,1,2,,,,,,,,,,,,1
31100,Dollar Bay-Tamarack City Area Schools,16.8,,,0.5,,0.8,1.8,,0.2,1.5,0.88,3.98,1,,,,,,,,,,,
31110,Houghton-Portage Township School District,64.2,8.5,,3,2,0.5,0.95,,3.05,8,1,5.75,2,,,,,,,,,,,1
31130,Lake Linden-Hubbell School District,29.04,1.08,,1,,1.25,1.4,0.75,0.83,2.85,1.82,10.97,3,,,1.32,,,,,,,,0.36
31140,Stanton Township Public Schools,8,1,,,,,1,,,2,0.25,2.75,,,,,,,,,,,,
32000,Huron ISD,2.34,8.7,1,,,,6.14,,2,14.12,2,3.2,3.73,4.54,11.77,28.6,13.57,1.59,10,,3,,,
32010,Bad Axe Public Schools,49.82,10.2,2,3,0.5,2,1,,4,7.3,1.2,19.75,0.52,6.11,,,,,,,1.5,,,
32030,Caseville Public Schools,14.1,0.76,0.25,,,,1.46,1,0.49,2.11,0.66,3.16,2.5,,,,,,,,,,,
32040,Church School District,1.17,2,,,,,0.02,,,,,0.37,,,0.17,,,,,,,,,
32050,Elkton-Pigeon-Bay Port Laker Schools,40.89,1.47,2,1.2,,,1,0.8,4,4.75,15.75,23.49,4.8,2.58,,0.42,,,,,0.96,,,
32060,Harbor Beach Community Schools,21,7.73,,,,,0.99,0.5,3.84,4,0.5,12.38,2,,,1,,,,,1,,,
32080,North Huron School District,22.84,4.18,,,,0.1,1.2,1,2.42,4.15,0.15,10.33,,3,,,,,,,2.5,,,1
32090,Owendale-Gagetown Area School District,12.02,1.1,,,,,0.51,0.5,1,1,2.82,4.01,1,1,,,,,,,0.07,,,
32130,Port Hope Community Schools,3.37,2.56,,,,,0.55,,0.45,1,,2.85,1,,,,,,,,,,,
32170,Ubly Community Schools,39.11,6.52,0.17,1,1,,4,0.5,2.33,2.83,0.27,15.61,1.43,,0.34,1,,,,,2,,,
32260,Colfax Township S/D #1F,1.17,2,,,,,0.02,,,,,0.17,,,0.17,,,,,,,,,
32610,Sigel Township S/D #3F,1.17,1,,,,,0.02,,,,0.17,0.2,,,0.17,,,,,,,,,
32620,Sigel Township S/D #4F,1.17,1,,,,,0.02,,,,,0.17,,,0.17,,,,,,,,,
32630,Sigel Township S/D #6,1.17,1,,,,,0.02,,,,,0.17,,,0.17,,,,,,,,,
32650,Verona Township S/D #1F,1.5,2,,,,,0.02,,,,,0.17,,,0.17,,,,,,,,,
33000,Ingham ISD,14.64,16,8.9,1,,1,17,4,2.02,44.37,7,163.9,22,12,33.5,58.5,41.71,12,21,,7.98,,,
33010,East Lansing School District,174.36,8.36,,4,1,1,2.75,0.85,12.7,18.74,17.2,60.83,16.4,2,7.39,26.08,6.25,,,,3.25,,,1
33020,Lansing Public School District,598.53,71.91,8.75,17.8,13.4,2.25,10,5,50.4,81.1,43.26,313.22,46.8,72.3,41.85,83.25,36.8,14.57,3,,6,,,6
33040,Dansville Schools,45.4,1,,1,,1.5,1,1,3,4.33,6.92,29.4,2.6,,,,,,,,0.5,,,
33060,Haslett Public Schools,124.88,8.34,2,4.5,1,,4,1.66,9.7,17.23,3.8,55.9,10.5,,8.8,41.96,,,1,,4,,,1
33070,Holt Public Schools,272.5,3.66,2,7,3.1,,4.25,5,18.52,37.49,24.62,157.72,20.44,,20.11,66.64,12,2.01,1,,7.01,,,1
33100,Leslie Public Schools,67.43,1.51,3,2.75,,1.14,3.31,1.5,3.7,8.66,,24.15,5.6,3.55,2,4.86,0,1,,,1.1,,,
33130,Mason Public Schools (Ingham),143.05,22.92,1,3.75,1.72,,5,3,11.26,23.07,4.64,94.89,8.4,7.5,4.93,28.31,7.33,,,,3,,,
33170,Okemos Public Schools,200.39,13.99,1.98,6,2,5.34,2,1,12.9,31.3,9.64,102.58,19.83,8,4.83,,8.98,12.97,,,3,,,1
33200,Stockbridge Community Schools,71.86,17.17,1,3,,,4.48,2,3.31,8.54,9.82,32.08,6.03,0.8,2,,1,0.74,,,2.39,,,0.92
33215,Waverly Community Schools,125.2,5,2,2.5,1,2,,3,15.9,18.5,11.4,101.06,16.5,11,,2,5.2,1,1.2,,1,,,1.5
33220,Webberville Community Schools,32.74,4.5,,1,,,1.75,,3.1,4.5,1,14.2,3,0.5,,7,1,,,,0.5,,,1
33230,Williamston Community Schools,98.72,18.55,0.5,3,0.2,1,1.96,1.69,5.61,11.55,1.12,37.23,6.5,,4.5,28,1,1,,,0.5,,,1
33901,Cole Academy,8,2.5,,,,,1,,,1,,1,1,,,5,,,,,,,,
33902,El-Hajj Malik El-Shabazz Academy,16,5,,,,,,2,2,1,2,12,,1,1,,,,,,,,,
33904,Mid-Michigan Leadership Academy,15.8,4.5,,1,,,4,,0,1,1.2,,,,,,,,,,,,,0.2
33906,White Pine Academy,9,0.5,,,,,0.25,,0.5,2,,1.5,0.8,,,,1,,,,,,,0.25
33909,Windemere Park Charter Academy,33.51,4.69,,1,,,4.01,,,2.41,,3.33,2,,,4.77,0.1,,,,,,,
33910,Lansing Charter Academy,29.5,6.13,,,1,,4,,0.01,2.38,,3.6,2,,,0.8,1.1,,,,,,,
33911,Michigan Connections Academy,27,5,,2,,,1,,2,2,,,,,,,,,,,,,,
33912,"Learn, Live, Lead Academy",,1,,,,,,,1,1,,,,,,,,,3,,,,,
33913,Nexus Academy of Lansing,4,,,1,,,1,,,1,,1,,,,,,,,,,,,
34000,Ionia ISD,7,10.8,5,,,,5.99,1,7.81,12,3,12,19,1,33.64,132.66,40.53,6,9,,3,,,
34010,Ionia Public Schools,132.2,43.92,0.7,5.4,,,2,1,13,25.4,3.02,79.61,1.45,22.45,,9,,2.5,,,6.5,,,0.5
34040,Palo Community School District,4.5,,,,,,,1,0.01,,2,3.5,,,,,,,,,,,,
34080,Belding Area School District,90.61,24.46,3,3,,,1.79,1,6.01,14,5.73,29.85,7.45,8.55,0.4,5.56,,,1.5,,1.83,,,
34090,Lakewood Public Schools,90.86,25.06,,3,,,2,1,6,13.94,2.38,53.89,5.21,9.44,,2.92,,,,,2.75,,,0.5
34110,Portland Public Schools,91.37,11.91,,3,,2.7,5,1,5.15,9.98,2.53,45.28,11.03,3.97,,,,,,,1,,,0.5
34120,Saranac Community Schools,50.27,3.45,0.1,1,,,1.5,1,2.3,6.34,1.41,27.17,1.6,5.3,,3.65,,,,,1.25,,,
34140,Berlin Township S/D #3,2,1,,,,,,,,,,,,,,,,,,,,,,
34340,Easton Township S/D #6,2,,,,,,,,,,1,,,,,,,,,,,,,
34360,Ionia Township S/D #2,0.99,1,,,,,,,,,,,,,,,,,,,,,,
35000,Iosco RESA,,6,,,,,4.9,,2,6.5,6.5,12.9,6,2.5,3.5,,1,9,6,,1,,,
35010,Oscoda Area Schools,61.25,4.55,,1.2,,,1.25,,3.95,7.94,4.44,41.98,7.3,0.4,2.4,,0.4,,,,5.2,,,
35020,Hale Area Schools,18.7,6.74,0.8,,,,3.1,1,0.3,2.02,3.1,15.09,2.75,0.25,,2.42,,,,,3,,,
35030,Tawas Area Schools,56.35,10.59,1,1,,,1.35,0.5,4.5,8.7,4.24,30.55,1.82,4.08,1,3.18,2,,0.83,,2.82,,,
35040,Whittemore-Prescott Area Schools,41.6,9,1,1,,2,1,1,2.8,6,3.7,18.89,7.2,,,5,0.2,,1.82,,0.39,,,
35902,Alternative Educational Academy of Iosco County,0.25,,,,,,,,0.5,,,1,,,,,,,,,,,,
36015,Forest Park School District,24.84,1.06,,1,,,0.5,1.77,1.5,1.88,0.3,13,3.4,,,,,0.45,,,,,,
36025,West Iron County Public Schools,42.79,7.54,0.66,1.82,,,2.5,0.76,4.27,5.22,9.15,15.81,7.64,0.07,0.8,,,,,,,,,0.98
37010,Mt. Pleasant City School District,172.55,16.9,3,8,1,4,3,4,12.5,21,15.6,36.42,23.67,7,5,42.75,2,1,9.94,,1.5,,,1
37040,Beal City Public Schools,32.03,2,,1,0.39,,2.01,1,3,3.25,1,18.78,3.33,,,7.75,,,,,3.5,,,
37060,Shepherd Public Schools,86.38,6.17,,3,1,,1.9,1,6.3,12.1,16.45,46.27,,11.06,,1.9,1,14.7,,,3,,,0.1
37901,Renaissance Public School Academy,23.85,2.8,1,1,0.25,,0.95,,0.05,2,2.3,2.38,2,,,,,,,,,,,
37902,Morey Public School Academy,7.5,5,,,,,0.2,,1,1,,2.5,1,,,,,,,,,,,
38000,Jackson ISD,7,21,11.54,3,,1,18.8,2.29,13,26.82,6.63,74.66,40,8,65.9,,45.9,84.54,32,,8,,,
38010,Western School District,126.17,18.05,1,4,,0.25,3.02,1.06,7,15.3,8.3,51.43,6.64,12.86,,24.44,3,,,,0.75,,,1
38020,Vandercook Lake Public Schools,58.74,12.69,0.5,,1,,4.24,,3.9,6.57,5.02,24.71,,10.03,,7.71,1,,0.33,,,,,0.57
38040,Columbia School District,65.05,15.5,,1,0.33,,2.62,1,3.4,8.05,4.33,37.33,3.67,5.34,,4,2,,,,0.48,,,
38050,Grass Lake Community Schools,59.61,1,1,1,1.8,,2,1,5.71,5.75,,48.53,6,,,5.85,1,,,,1,,,2.5
38080,Concord Community Schools,36.2,1.92,,1,,,2,1,2,3,6.93,17.97,3,2,,4.08,,,,,2.5,,,0.5
38090,East Jackson Community Schools,52.18,4,,2.17,,,4.4,1,2.6,5.5,8.44,27.55,9.83,,,0.56,,6,,,,,,
38100,Hanover-Horton School District,57.97,2.72,0.2,1.5,0.5,,2,1,3.7,7.07,4.89,24.75,1.4,4,,,,5,,,1,,,0.4
38120,Michigan Center School District,64.37,3.58,,1.17,1.67,,1,,6,8.04,11.5,29.71,5.66,4.84,,,1,6.92,,,,,,1
38130,Napoleon Community Schools,68.6,11.5,0.2,2,0.4,,2,,5.4,11.9,8.24,30.12,8,1,,4.6,,,,,,,,1.6
38140,Northwest Community Schools,123.5,3,,6,,,4,1.01,6,19.5,25.05,45.4,22,,,,,22,,,1,,,1
38150,Springport Public Schools,50.5,4.7,,2,,,3.4,0.8,2.6,7.3,7.2,28.38,6,1,,,,4,0.1,,,,,
38170,Jackson Public Schools,295.38,28.6,,7,,0.5,2.87,7.75,16.5,37.5,14.58,76.39,33,9,2,35,6.6,1.25,1.07,,5.33,,,0.65
38901,Da Vinci Institute,16.55,1.87,,,,,1.75,,1,3,,2,2,,,,,,,,,,,
38902,Paragon Charter Academy,34.3,4.66,,,1,,3.61,,,2.4,,4.15,2,,0.6,4.31,1.1,,,,,,,
39000,Kalamazoo RESA,7.42,,16.7,,,7.8,19,9.54,4,31.7,23.5,50.95,23.2,50.12,22.4,136,15.6,40.3,,,8.99,,,
39010,Kalamazoo Public Schools,646.84,39,9,16,6,11.8,5.95,8.8,42.8,85.9,213.59,255.42,,42.3,57.6,76,23.7,,8,,7,,,2
39020,Climax-Scotts Community Schools,32.93,1.94,1,1,,,1.5,1,3.05,3.75,4.26,19.07,1.98,,,0.5,1,0.91,,,,,,
39030,Comstock Public Schools,102.59,38.77,1,,,,5.25,0.1,4,17.83,7.15,69.87,5,12,3.39,18.86,3.41,0.89,2,,1.75,,,1
39050,Galesburg-Augusta Community Schools,56.12,10.68,,2,,,5,,3,8,7.98,26.34,3,2.83,1,8,1.5,1,0.4,,0.8,,,
39065,Gull Lake Community Schools,143.72,15.07,4.72,5,1.1,1,4,2,10,19.68,10.38,54.23,6,7.7,6,19.64,4,0.7,,,3,,,
39130,Parchment School District,83.63,9.24,1,1,1,,3,1,8.5,16.11,17.4,43.27,4,4,2,,4.25,5.75,3,,0.5,,,
39140,Portage Public Schools,396.23,41.37,8.7,12.8,7.69,,8,6.41,27.01,45.79,28.24,184.4,31,3,14.15,20.4,9,7.85,4.18,,0.99,,,
39160,Schoolcraft Community Schools,45.85,7.8,1,,,,2.05,,7,6.25,7.7,36.56,4,,1,5,1,,2.3,,,,,1
39170,Vicksburg Community Schools,122.19,14.74,4.66,5.17,2,,2,3,7.1,18.74,17.03,56.03,5.82,3.51,4.67,1.75,3.2,10.85,3.17,,,,,4
39903,Oakland Academy,24,0.4,0.2,,,,1.48,,,2.2,1.55,1.2,,,,,,,,,,,,
39905,Paramount Charter Academy,32,7.51,,,,,3.26,,,2.38,,3.82,3,,0.6,6.83,1.1,,,,,,,
39906,Youth Advancement Academy,2.75,,,,,,1,,,,,,,,,1,,,,,,,,
39907,Forest Academy,16,,0.5,,,,1.4,,,1.5,0.6,1.2,,,,,,,,,,,,
39908,Evergreen Academy,2,,0.1,,,,1.22,,,1.2,0.4,1.4,,,,,,,,,,,,
40020,Forest Area Community Schools,42.93,16.94,,,,,0.5,,3.5,4.93,1,8.63,3.5,,,,,,,,,,,0.1
40040,Kalkaska Public Schools,76.75,11.8,,4.8,1,,3,1,8,11.2,0.95,17.63,10.1,2,,,,6.95,,,0.3,,,
40060,Excelsior Township S/D #1,3.27,,,,,,0.1,,0.03,,,0.55,,,,,,0.45,,,,,,
41000,Kent ISD,28.35,49.7,12.85,2,,4.55,10,4.4,30.75,43.05,20.25,159.13,,1,154.72,,235.27,24.07,61.5,,9,,,
41010,Grand Rapids Public Schools,825.09,222.89,11,22.5,,,25.5,9.2,107.25,148.4,105.31,488.69,210.82,107.28,70.43,311.1,91.13,30.35,,,12,,,5
41020,Godwin Heights Public Schools,94.65,16.73,,1,,,2.2,,6,11,0.87,53.09,9,6,1.5,6.1,3.6,,0.93,,2.5,,,
41025,Northview Public Schools,154.46,13.6,4,5.6,,,4,1,12.3,22.58,1.9,76.11,27.8,1.8,1.9,20.15,8.2,19.1,0.8,,3,,,
41026,Wyoming Public Schools,199.57,16.8,4.75,3,2,,3.51,2,10,20.6,11.32,80.2,12.8,14.2,5.3,11.3,12.8,,,,3.94,,,2
41040,Byron Center Public Schools,155.37,15.82,2,4.9,,1,4,1,9,15.18,5.18,97.55,15,1,3.4,13.69,3.5,,1.6,,3.93,,,2.33
41050,Caledonia Community Schools,197.28,15.13,,6.2,1,3.64,7,0.2,8,31.07,16.01,67.75,25,,4.5,21.41,6.66,,,,1,,,
41070,Cedar Springs Public Schools,140.31,12,3.6,1.5,,2.25,2.9,3.25,12,27.2,4.95,84,10.05,14.95,7.3,21.8,3,2.4,,,3.1,,,
41080,Comstock Park Public Schools,104.5,7.55,,3,,,4,2,6,9.15,9,46.18,7.8,8,0.8,9.75,5.3,,,,5.1,,,1.5
41090,East Grand Rapids Public Schools,147.6,7.04,2,4,,,5,8.8,8.9,12.46,3.89,29.84,2.8,6.8,3.1,10.92,5.6,0.4,,,2,,,0.9
41110,Forest Hills Public Schools,490.25,81.36,15.8,21.75,3,15.39,6,5,29.28,82.15,25.98,198.66,30.9,24.5,10.2,48.97,16.51,,0.5,,4,,,1
41120,Godfrey-Lee Public Schools,98.2,16,3.25,3.8,,2,2.2,2,7.9,15.1,9.55,11.7,11.6,,3.7,,4.05,,,,0.5,,,0.8
41130,Grandville Public Schools,253.16,32.81,,6,1,1,6.26,,15.67,37.97,15.59,125.22,13.41,16.26,9.1,34.16,10.4,,,,1,,,
41140,Kelloggsville Public Schools,99.1,26.42,2,5.63,0.8,2,3.2,,8,20.31,9.35,52.24,3,8.89,2.45,1.2,2.6,1,,,2.8,,,1
41145,Kenowa Hills Public Schools,154.99,27.13,3.88,5,1.65,2.26,4.1,2,8.15,20.7,4.27,63.13,8.8,9.2,4.8,6.7,6.1,,,,2.9,,,1.5
41150,Kent City Community Schools,58.17,10.66,2.09,,,1.55,3,1,4.3,11.63,4.93,35.65,3,4.6,2,2.17,2,,,,2.1,,,1
41160,Kentwood Public Schools,388.85,198.12,6,13,1.99,13,5,2,21,70.13,53.72,219.96,23.4,39.8,11.4,44.47,18,2,2,,7,,,4
41170,Lowell Area Schools,172.86,12.23,3,5,1,4.38,2,4,12.18,17.71,8.3,68.73,7.8,11.15,4,,6.4,14.05,,,3.22,,,2.1
41210,Rockford Public Schools,372.71,61.39,9.3,11,3,,4,5.15,24.2,81.32,35.89,242.03,18.53,22.75,12.54,21.53,13.7,5.29,4.28,,6.5,,,1.2
41240,Sparta Area Schools,113.96,23.27,,4.95,,2.48,3,1,11.51,16.05,2.3,73.7,10.01,9.24,4.15,1.85,3.5,,,,1.99,,,2.2
41901,New Branches School,20.07,13.92,,0.4,,,1,1.8,1.75,2.6,,2.86,,1.7,0.38,1.5,0.16,,,,,,,
41904,West MI Academy of Environmental Science,42.85,7,,,,,0.2,,4,2,,7.4,3,,,,1,,,,,,,
41905,Excel Charter Academy,62.48,14.58,1,,,,3.52,,1,4.73,,4.64,5,,1.45,2.94,1.83,0.1,,,0.2,,,
41908,Byron Center Charter School,19.1,2.4,0.4,1,,,1,,0.1,2,,0.5,,,,2,,1,,,,,,
41909,Vista Charter Academy,39,10.47,,,1.13,,3.01,,,4.01,,6.31,2,,1,,1.3,,,,,,,
41910,Vanguard Charter Academy,34.96,11.08,,,,,2.01,,,2.38,,3.8,2,,1,0.88,1.5,1,,,,,,
41911,Grattan Academy,16.05,,,,,,0,,2,2.75,2.05,5.23,1.5,,,,0.2,,,,,,,
41914,Knapp Charter Academy,32,10.99,,,1,,2.01,,,2.63,,3.94,3.51,,0.9,2.82,1.6,0.81,,,,,,
41915,Walker Charter Academy,33.89,4.7,,,,,4.01,,,2.39,,3.74,3,,0.7,1.59,1.4,1,,,,,,
41916,Cross Creek Charter Academy,33.5,5.12,,,1,,2,,0.01,2.92,,5.21,2,,0.9,0.6,1.2,,,,,,,
41917,William C. Abney Academy,29,12.88,,,,,0.2,,2,2.37,1.87,13.73,4,,,1.74,1,,,,,,,
41918,Creative Technologies Academy,16.4,,,1,,,5,,,2,3,1.2,2,,,1.5,,,,,,,,
41919,Ridge Park Charter Academy,32.5,14.72,,,1,,3.26,,,2.39,,3.49,3,,1,6.9,1.5,1,,,,,,
41920,Chandler Woods Charter Academy,33.38,3.11,,,0.5,,2.01,0.01,,2.02,,3.03,3,,1,4.65,1.7,1,,,,,,
41921,Grand Rapids Child Discovery Center,11.66,6,1,,,,0.49,,0.51,1,1,1,0.6,,0.91,0.6,0.59,,,,,,,
41922,Lighthouse Academy,33.23,2.33,,1,,,1,,4.5,4,15.88,1.66,2,2,,0.3,3.5,1,,,,,,
41923,Wellspring Preparatory High School,12.77,2.4,0.5,,,,1.01,,,1,1,1.65,3,,,,0.5,,,,0.35,,,
41924,West Michigan Aviation Academy,12.95,0.59,1,0.1,,,0.2,,0.8,2,2.39,2.76,1.4,,,,0.4,,,,,,,
41925,Michigan Virtual Charter Academy,21.33,,,2,,,1,1,2,0.1,1,3.89,3,1,,,,,0.1,,,,,
41926,Hope Academy of West Michigan,24.75,5,,1,,,0.3,,1.9,1,5,0.34,1,,,,0.5,,,,,,,
41927,Grand Rapids Ellington Academy of Arts & Technology,10.66,1.52,,,,,,,1.5,2,,,,,,,,,,,,,,
41928,River City Scholars Charter Academy,27,6.48,,,1,,3.01,,,2.38,,1.6,1,,,0.88,3.2,,,,,,,
41929,Nexus Academy of Grand Rapids,4,,,1,,,1,,,1,,1,,,,,,,,,,,,
42030,Grant Township S/D #2,1,,,,,,,,0,,,2,,,,,,,,,,,,
43040,Baldwin Community Schools,35.26,12,,1,1,,1,3,2.01,1.3,3.5,10.25,5.16,,,,,,,,2,,,0.99
44000,Lapeer ISD,3.03,20.56,4.9,2,,,7.1,2,10.35,19.5,2.45,26.74,7.4,,6.7,19.51,9,2.84,17.5,,2.65,,,
44010,Lapeer Community Schools,251.49,26.13,1,9,2,,14,2.01,18.9,36.47,15.35,163.33,11,2,36.4,75.75,5.81,,,,5.9,,,
44020,Almont Community Schools,68.61,15.29,1.5,2,,3.8,1.99,1,7.97,9.13,5.94,36.14,5.02,2.81,,16.81,,,,,,,,1
44050,Dryden Community Schools,30.98,3.53,,1,,1.33,1,,3.01,4.4,2.91,16.94,2.97,,,7,,,,,1.06,,,0.25
44060,Imlay City Community Schools,85.41,15.46,2.4,2,,,3.95,1,5.05,18.8,11.37,51.6,2.27,6.53,4.6,4.45,2.2,,,,3.6,,,
44090,North Branch Area Schools,102.51,11.5,3,2,,,2,1,7.75,11.93,,20.71,4.5,9.75,2.45,9.21,1.8,,,,1.75,,,
44901,Chatfield School,21.65,10.27,1.66,0.6,,,0.55,0.2,,1.9,1.25,9.65,1,,0.4,3,,,,,,,,1.45
45010,Glen Lake Community Schools,49.49,4.5,0,2,,,1,,3.2,7.5,11.55,25.5,4,1,,3,,2,0.2,,,,,0.8
45020,Leland Public School District,28.85,0.25,2.44,1,1,0.69,1,1,1.36,3.55,4.56,9.41,2,,,,,,,,,,,
45040,Northport Public School District,19.5,,,,,,2.98,,0.02,1,0.5,10.35,2,,,2,,1,,,,,,
45050,Suttons Bay Public Schools,31.12,6.11,1.6,1,,,3,,4,4,2.2,11.43,3,0.5,,3.02,2,,,,2.17,,,0.5
45901,Leelanau Montessori Public School Academy,4.2,4.88,,,,,0.2,,0.8,1.36,0.58,2.31,1,,,0.38,,0.19,,,,,,
46000,Lenawee ISD,8.73,11.65,1,2,,1,17,3.41,13.9,30.77,3.5,68.99,20.9,22.2,13.8,32.3,33.5,22.73,23.45,,5,,,
46010,"Adrian, School District of the City of",171.61,34.13,1.2,2.6,0.2,3.78,3.33,3,17.9,22.53,21.82,85.43,10.81,7.15,1,18.01,,,,,2,,,1
46020,Addison Community Schools,41,3,1,1,,,1.75,1,2.25,5,1.1,23.05,6,,,12,,,,,,,,0.5
46040,Blissfield Community Schools,59.41,,1,0.25,,,1,1,4.5,8.5,14.5,33.64,4,1,,,,1,,,0.5,,,0
46050,Britton Deerfield Schools,41,6.5,1,2,,,0.5,,2,6,5.5,19.39,6,,,3,,6.5,0.25,,,,,
46060,Clinton Community Schools,55.67,,1,2,1,,1,1,3,5,5.17,30.04,5.83,,,,,3.83,,,0.01,,,0.49
46080,Hudson Area Schools,40.8,1,1,2,,,2.95,1,3.1,4.33,6.8,23.71,2.8,,0.4,,,5,,,1,,,
46090,Madison School District (Lenawee),82.59,22.4,1.8,3,,,4.49,,7.76,8.5,4.72,34.93,5.03,5.75,,15.75,,,,,2,,,
46100,Morenci Area Schools,31.15,5.87,1,1,,,0.57,,3.5,4.32,5.5,18.03,3,1,,1,,1,,,2,,,0.5
46110,Onsted Community Schools,64.45,18.06,,3.4,1,,2.6,1,3,9.3,2.97,35.95,3.55,4.25,,,,,,,3,,,
46130,Sand Creek Community Schools,44.79,4.7,,1,,2,1.95,,2.05,5.15,2.15,29.92,6,,,8,,,,,,,,0.5
46140,Tecumseh Public Schools,146.5,4,4,5,,2,3.1,1,15.4,17.25,22.1,63.58,9.98,6.01,,35,,1,,,4,,,1
47000,Livingston ESA,6,18.2,,,,,7.7,5.5,6.1,20.03,29.8,232.55,12.2,11.4,49.4,49.61,57.94,4.89,,,8,,,
47010,Brighton Area Schools,259.29,26.95,,8.1,6,5,3,1,18.6,33.18,8.6,98.96,28,11.2,7.6,,1.2,57,4.4,,4.75,,,1
47030,Fowlerville Community Schools,128.99,14.23,2,4,2,,7,1,8.2,16.02,7.79,84.56,12.95,5.32,2.5,16.5,,,,,1,,,
47060,Hartland Consolidated Schools,234.68,2.6,3,7,4.8,1.63,8,2,17.8,58.29,6.72,102.96,10.2,16.4,3.9,27.32,,,6.8,,3,,,
47070,Howell Public Schools,341.47,14.66,6,14.5,2,9.68,7.2,3,19,35.52,25.22,81.63,28.16,25.39,9,35.61,,,6,,2,,,1
47080,Pinckney Community Schools,177.04,,5,2,,,3.5,3,9.49,25.09,24.98,59.51,21,6.4,1.5,34.8,5.1,,3,,2.5,,,1
47901,Kensington Woods High School,8.97,1,,1,,,0.2,,0.8,2.01,0.2,1,2,,,,0.5,,,,,,,0.2
47902,Charyl Stockwell Academy,54.67,2.2,,,,,0.2,,3.11,7.55,2.65,14.89,3,,1.2,7,2.32,3,,,,,,3.85
47903,FlexTech High School,7.33,0.67,,1,,,0.2,0.5,1,1.9,0.2,0.4,0.9,,,1,0.8,,,,,,,
48040,Tahquamenon Area Schools,37.5,5,,1,,,3.8,,1.8,3,0.2,16.65,6.6,1.4,,1.5,,1,,,2,,,0.2
49010,St. Ignace Area Schools,33.78,7.69,,1,,,0.72,0.5,1.5,5.4,2.53,13.41,,2.5,,2.23,,,,,,,,
49020,Bois Blanc Pines School District,1,0.8,,,,,0.11,,,,,,,,,,,,,,,,,
49040,Les Cheneaux Community Schools,18,0.01,,0.83,,,1.17,0.02,1.01,1.25,0.14,2.59,1,,,,,,,,,,,
49055,Engadine Consolidated Schools,15.14,1,0.17,0.29,,,0.75,,0.89,2,1.1,6.6,1.87,,,4.49,0.4,,0.14,,,,,0.1
49070,Moran Township School District,6.5,1,,,,,1,,,1,,1.9,1,,,,,,,,,,,
49110,Mackinac Island Public Schools,7.28,1,,,,,1,,,1,,1.75,1,,0.33,1,,,,,,,,
49901,Three Lakes Academy,7,1.23,,,,,0.5,,,1.4,,2.87,,,,,,,,,,,,
50000,Macomb ISD,,1.9,13,1,,1,15,9.1,38,60,5.6,221,159,12.5,48,239,76.5,17,,,6,,,
50010,Center Line Public Schools,111.26,24.7,,5,,4,3.92,2.2,9.8,25.1,1.9,59.07,3.25,8.5,7.23,10,4,,2,,4.1,,,1
50020,East Detroit Public Schools,153.95,21,,7,2,,1.95,1,10.05,29.7,2.8,68.13,14.65,17.2,5.67,11,8,1,3,,3,,,
50030,Roseville Community Schools,213.1,27.76,9,5,,,4,7.6,16,43.4,10,97.17,17.6,24.8,14.6,16,5.8,,8.6,,4,,,
50040,Anchor Bay School District,245.02,52,1,4,,8,4,12.75,21.7,29.65,12.51,161.46,0.4,28.6,8.8,25.12,6,1,8.07,,4.3,,,
50050,Armada Area Schools,92.29,10.76,,3.33,1.45,,4,4,7.25,15.27,6.79,35.24,6.1,1.5,2.8,5,0.9,1,2.87,,3.93,,,1.85
50070,Clintondale Community Schools,97.5,2,,3,,,2.05,2.03,8.85,16,3.5,53.53,6.5,10.25,8,5,6,,18,,1.1,,,2.5
50080,Chippewa Valley Schools,674.8,91.74,8.56,23.4,2,14.28,12,2.26,52.5,113.93,88.02,260.14,27.6,46.9,34.7,13.65,21.7,17.17,13.4,,6,,,2
50090,Fitzgerald Public Schools,123.94,9.93,2.36,4,2,,1.01,2.07,11.1,21,3.15,50.68,14.6,5,2.6,4.33,6.8,0.84,5.35,,2.9,,,
50100,Fraser Public Schools,243.91,20.18,2,6,2,1,5,3,16.6,30.02,21.95,101.07,13.8,9.5,15.7,26.4,10.39,,5.6,,3.9,,,1
50120,Lake Shore Public Schools (Macomb),159.16,20.92,2,5,5,1,3,2,9.2,31.43,0.56,118.9,17.75,2.25,8.8,14.9,6,,3.58,,2.67,,,1
50130,Lakeview Public Schools (Macomb),165.39,21.21,1,5,,,3,2,9.42,17.49,17.38,25.4,10,9,8,3.45,6,,2.85,,1.98,,,
50140,L'Anse Creuse Public Schools,475.24,135.15,12.5,19.65,,,12.75,4.75,43.75,99.06,31.25,250.72,17.81,58.6,16.08,40,18.75,,15,,6.33,,,6
50160,Mount Clemens Community School District,72.96,0.92,1,1,,,2,0.08,8.75,2.07,3.81,24.81,,17.28,3,,5,,,,2.05,,,
50170,New Haven Community Schools,47.19,8.59,,1,,,2.95,1,5.05,12.09,4.87,41.56,1.47,9.99,5.9,11.94,3,0.2,1.84,,,,,0.1
50180,Richmond Community Schools,66.24,8,1,2.6,,1,1.95,1,4.05,9,2.9,24.56,2,5,5.1,8,2.2,,0.8,,1.5,,,1
50190,Romeo Community Schools,222.53,20.03,2,6,4,2.54,4.15,2.21,12.97,20.5,2.5,106.82,13.13,17.87,9,21.38,4.5,,6.75,,4.75,,,2
50200,South Lake Schools,98.87,4.97,2,5,0.5,3,2.97,2.04,7.5,17,18.75,22.44,6,5,3.8,,5.5,2.2,1.7,,2.55,,,
50210,Utica Community Schools,1164.5,95.61,2,35.4,,1,19,11,101.15,158.78,24.65,564.16,57.6,101.5,42,150.81,25.25,1.09,41.4,,18.95,,,
50220,Van Dyke Public Schools,106.75,24,,5,4,,6.3,1,12.5,22.5,3.75,95,2.5,29.5,4,28.75,10,2,3,,3.7,,,
50230,Warren Consolidated Schools,613.97,15.33,17.6,27,9.6,,12,7,47,96.15,49.56,310.13,16.3,58.7,43.3,,24.5,30.17,16,,15,,,1
50240,Warren Woods Public Schools,130.73,10.03,2,6.2,2.5,,6.1,2.54,12.18,27.35,7.13,72.14,26.87,3.2,10.5,31,13.05,2.5,13.11,,3,,,2
50901,Macomb Academy,,,,,,,1.9,,0.1,1.4,26.25,,8,,,,,,,,,,,
50902,Conner Creek Academy East,55.59,0.81,,1,,0.2,0.9,2,8.6,7.9,4.93,19.75,8,,,,1.4,1.4,,,1,,,1
50903,Huron Academy,31.85,4.15,,,,,0.2,,2,3,1.5,14.5,2,,0.8,,2,4,,,,,,1
50904,Global Preparatory Academy,14,5,1,,,,0.2,,2,1,1,1,1,0.5,,,,,,,,,,
50905,Arts Academy in the Woods,15.9,,,1,,,,,1.1,1,1.1,1,1,,,,,,,,,,,
50906,Merritt Academy,26.5,4,,1,,,0.5,,2,2,2.5,1.5,5,,1,,,,,,,,,
50908,Mt. Clemens Montessori Academy,20,9.86,1,,,,0.2,,2.8,1,,4.75,1,,1,,0.1,,,,,,,
50909,Prevail Academy,28.86,3.87,,,0.3,,4.01,,,2.33,,2.86,3,,1,1.8,2.1,,,,,,,
50911,Academy of Warren,35,8.14,2,,,,1,,2,,8,6.53,3,,0.25,,,,,,,,,2
50912,Reach Charter Academy,34.5,4.97,,,,,5.52,,,2.34,,5.02,3,,1,1.72,1.2,,,,,,,
50913,Noor International Academy,8.01,0.98,,,,,0.66,,0.34,0.95,1.05,0.85,,,0.01,,0.05,,,,0.03,,,
51000,Manistee ISD,,,,,,,1.5,0.8,1.8,8.68,,6.6,3,2,8.95,11,9.2,2.5,,,1,,,3
51020,Bear Lake Schools,17.13,4.82,,0.15,,0.5,0.5,0.37,2.1,1.6,1,12.63,1.72,,,,,,,,,,,3.28
51045,Kaleva Norman Dickson School District,24,8.72,,1,,0.36,1.73,0.65,1.11,2.62,4.03,15.79,4,,,1.93,,,,,,,,2.87
51060,Onekama Consolidated Schools,19.37,3,1,0.21,,1,0.65,1,2.1,2.51,,14.21,3,,,4,,,,,,,,1.95
51070,Manistee Area Public Schools,65.8,19.48,4,1.5,0.5,,2.1,1,5.6,6.8,5.7,38,8.7,,,,,,,,2,,,0.5
51903,Casman Alternative Academy,5.5,,,,,,,,1,1.5,,0.5,0.71,,,,,,,,,,,
52000,Marquette-Alger RESA,3,0.31,4,,,,4,0.85,29.54,16.73,2.23,4.88,2.33,,5.41,5.61,7.5,0.63,,,0.28,,,5
52015,NICE Community School District,60.68,6.46,,2,,,2,0.33,4.52,7,5.24,22.65,5.7,3.9,2,8.62,,,,,1,,,0.8
52040,Gwinn Area Community Schools,59.87,9.5,1,2.64,,,4.1,1,4,7,0.75,15.49,9,4,1.33,11.5,1,,,,3,,,
52090,Negaunee Public Schools,72.9,14.55,,3,,,3,2,6.46,9.98,5.9,35.28,6.67,2.33,1,14.72,,1,1.67,,,,,0.25
52100,Powell Township Schools,4.78,0.75,,,,,0.21,,0.2,1,0.67,2.2,0.71,,,0.5,,,,,,,,
52110,Republic-Michigamme Schools,9.74,0.97,,0.17,,0.4,0.67,,,1.35,0.02,3.07,0.83,,,0.8,,,,,0.04,,,0.1
52160,Wells Township School District,2.2,,,,,,0.5,,,,,2.29,0.1,,,,,,,,,,,
52170,Marquette Area Public Schools,135.47,14.45,,6.25,,1.65,4.99,4.01,11.36,16.49,2.84,58.81,18.9,6.35,8.24,47.25,3.77,1.2,1,,4,,,1
52180,Ishpeming Public School District No. 1,34.99,4.18,,1.34,,,3.1,1,2.7,4.89,7.31,10.1,3.83,1,,9,,3.28,1.67,,1.3,,,0.1
52901,North Star Academy,17.51,2.88,,0.8,,0.2,1.81,,1,1.32,0.2,0.48,1.42,,,3.8,,,,,0.1,,,
53000,West Shore Educational Service District,2,5,3.5,,,,4.5,1,10.51,10.58,4.4,21.96,12.5,,16.28,27.42,16,5,6.81,,5,,,
53010,Mason County Central Schools,64.5,0.74,,1,,,2.95,1,3.1,9.71,17.1,30.26,5,1.6,,,0.5,9.17,1.2,,5.05,,,1.5
53020,Mason County Eastern Schools,24.7,3.02,,,,0.3,2.2,,3,4.41,2.5,10.19,2.8,,,1.52,0.5,,,,1.5,,,
53030,Free Soil Community Schools,,,,,,,0.6,,,0.4,,0.57,,,,,,,,,,,,
53040,Ludington Area School District,101.45,29.6,1.6,4,,,3,2,8.5,15.02,12.22,30.37,4.3,9.7,,13.85,0.5,,2,,,,,0.5
54000,Mecosta-Osceola ISD,6,22.52,4,,,,7.3,1,2,11.7,6.3,23.93,7,26,25.35,40.35,23.35,3.6,12,,4.1,,,
54010,Big Rapids Public Schools,79.4,24,,1.08,,1,2.85,1,5.75,9.3,11.93,34.69,5.8,1.9,,4,,3,,,4.4,,,
54025,Chippewa Hills School District,96.05,25.5,2,2.7,,,2.75,1,5.15,15.1,2.02,50.95,3.7,9.15,,9.15,,,,,1.2,,,1.65
54040,Morley Stanwood Community Schools,53.4,19,1,1,,,1,,2.15,8.5,,30.95,7.48,,,9,2,,,,1.35,,,0.9
54901,Crossroads Charter Academy,44.82,10.17,,,,,2.1,1,4.98,4.9,,15.13,1,3,,1.76,,,,,2.6,,,
55000,Menominee ISD,,,,,,,2.75,2,2,5,3,10.5,2,1,7.5,1.5,5.25,8.5,,,1,,,
55010,Carney-Nadeau Public Schools,15.18,3.25,,,,0.75,2,1,0.25,2,1,8.31,1,1,,,,1.56,0.16,,0.11,,,
55100,Menominee Area Public Schools,74.96,3.9,1.2,1.83,,1,3.1,1,4,7.55,14.08,36.9,10.36,1.32,,,,14.22,0.83,,0.9,,,
55115,North Central Area Schools,21.8,2.17,,0.33,,,0.75,2,2.25,2,1.67,9.57,2.6,,,,,,,,,,,1
55120,Stephenson Area Public Schools,33,5.73,,1,,,1.92,1.5,1.08,2,0.88,17.69,3,,,6,,,1.2,,,,,
55901,Nah Tah Wahsh Public School Academy,19.12,1,,1,,,,,1.25,,,,1,1,,,,1,1,,,,,
56000,Midland County Educational Service Agency,,0.75,2,,,,6,1,6.82,10.76,6.25,1.5,11,14,20.5,112.6,17.85,7.75,,,1,,,
56010,Midland Public Schools,354.07,21.61,8.73,8,1,0.3,4.8,3,42.4,55.15,40.08,156.54,44.8,20.8,9.7,94.47,14.9,,3.1,,2,,,
56020,Bullock Creek School District,87.5,9.11,,4,1,0.6,2.01,1,6.14,13.2,7.59,38.52,1,11,1.33,19.68,1,3.86,1,,2.93,,,
56030,Coleman Community Schools,37.3,14,,1,,,1.3,1,2,4,2,24.25,,,,,0.5,1.7,,,1.5,,,
56050,Meridian Public Schools,60.54,4.01,0.7,2.5,,2.03,4,0.82,6,7.27,1.98,50.1,5.4,2.8,1,4.78,,,,,0.2,,,1
56901,Windover High School,3.4,1,,0.5,,,0.15,,1.45,1.6,1.5,,0.6,,,,,,1,,,,,
56902,Midland Academy of Advanced and Creative Studies,19.5,,1.2,,,0.15,0.15,,0.65,3.09,,4.55,,,,,,,,,0.1,,,
56903,Academic and Career Education Academy,5.78,0.64,,0.8,,,1.05,,0.95,1.33,0.85,,0.51,,,,,,,,,,,
57020,Lake City Area School District,56.86,8,1.5,2,1,,1,1,5,8.08,9,26.77,4.32,1,,1,,,,,,,,
57030,McBain Rural Agricultural Schools,49.31,6.28,1,,,1,1,,2.67,6,2.24,27.1,3,0.6,,3.72,,1,,,,,,
58000,Monroe ISD,8.41,1,3,,,,17.99,2,20.91,20.5,1.2,39.35,13,58.7,13,97,46.5,15.6,,,6,,,
58010,Monroe Public Schools,245.28,56.32,4.45,9.01,1,1,5,5,26.6,34.16,9.47,265.81,25.65,1.25,9.1,36.45,,,13.8,,5.5,,,
58020,Airport Community Schools,117.63,10.01,2,2.8,2,1,2,1,8.02,16.06,8.98,47.32,6.8,,8.87,17.24,4,,2,,,,,3.6
58030,Bedford Public Schools,201.27,23.21,3,6.25,1,0.5,2.2,1.75,11,40.93,19.66,109.57,4.2,15.55,7.4,24.89,,,10.25,,10.25,,,1
58050,Dundee Community Schools,69.8,5.35,1,,0.99,,2,1,4.8,8.5,4.5,51.35,3.4,2.4,,3,,5,,,3.6,,,1
58070,Ida Public School District,72.15,,2,2,,,2.5,,5.25,9.87,5.85,52.55,3.34,6.5,4.8,15.31,1,,,,0.5,,,
58080,Jefferson Schools (Monroe),96.6,6.5,3,3,,4,2.7,1,7.65,13.65,2.25,61.53,1.05,10.15,3.2,13.4,3,,2.9,,1,,,
58090,Mason Consolidated Schools (Monroe),68.86,11.24,3,2.55,,,2.95,1,4.92,9.2,5.46,36.06,5.8,,0.5,8,,,,,0.5,,,
58100,Summerfield Schools,31.01,6.53,0.27,1,,,1.1,,2,2.68,2.69,21.18,0.67,1.17,0.66,3,,,,,0.2,,,0.22
58110,Whiteford Agricultural School District of the Counties of Lenawee and Monroe,35.8,4.27,,1.34,,0.51,2,0.9,2.29,2.87,2.96,15.09,1.69,2,,3,,,0.34,,0.77,,,
58901,New Bedford Academy,8,,,,,,0,,1,1,2.16,3.24,1,,0.25,,,0.8,,,,,,
58902,Triumph Academy,31.01,7.37,,,1,,4,,0.01,2.33,,3.2,2,,1,0.5,1.4,,,,,,,
59000,Montcalm Area ISD,2.64,5.66,3.45,,,,8,2,6,10.5,3.1,26.92,6.5,18.02,13.65,41.59,15.72,10,13,,1,,,
59020,Carson City-Crystal Area Schools,48.65,13.62,0.2,0.7,,,4.15,,3,8.85,1.27,25.92,3.4,2.6,0.6,0.97,2,4.85,,,1.1,,,
59045,Montabella Community Schools,40.43,4.39,,1,0.37,,2.86,,2,4.31,0.78,16.75,3.67,2,1,1,2,5.1,,,3,,,
59070,Greenville Public Schools,162.2,28.73,1,5.6,1,5,2.9,1,8.4,24.57,7.98,59.01,10.27,14.93,4.7,21.24,5.6,0.13,1,,7,,,
59080,Tri County Area Schools,100.75,8.74,1.63,1,0.6,1,5.5,,5.75,13.24,1.99,50.62,10.8,3,2,10.6,3,,,,1,,,
59090,Lakeview Community Schools (Montcalm),61.15,0.5,,2.4,,,1,1,3.95,5,3.5,33.48,6,3,2,2.1,1,,,,,,,1
59125,Central Montcalm Public Schools,80.1,4.36,,3,,,2,1,6.1,13.05,4.91,38.42,2,7,1.6,4.85,1,,,,1,,,
59150,Vestaburg Community Schools,31.2,,,2,,,2,2,1,2.25,3.04,16.61,3,1,1,,,,,,,,,
59901,Threshold Academy,10,1,,,,,1.05,,0.95,1,4,5,,,,,0.5,,,,,,,
60010,Atlanta Community Schools,12.34,10.12,,,0.17,,0.94,1,0.4,3.5,0,6.65,2.56,,0,,0,,,,1,,,
60020,Hillman Community Schools,28.66,1.04,,,,,1.52,1,2.25,4.8,3.13,11.74,2.5,1.51,,,,,,,1,,,0.63
61000,Muskegon Area ISD,2,15.51,11.95,,,1,6,6.5,18,28.4,6.93,42.44,23,,3.25,,8,68.15,19,,8,,2,1.49
61010,"Muskegon, Public Schools of the City of",219.35,90.93,6.08,5,2,2.92,7.4,6,28.25,41.18,29.74,122.48,18.87,32.22,12.92,45.26,16.5,2.1,,,8.9,,,
61020,Muskegon Heights School District,4,,,,,,3.6,1.9,1,1,,2,,,1,1,,,,,,,,
61060,Mona Shores Public School District,181.98,8,1,5,2,0.43,3,4,11,26.03,2.3,88.86,2,5,17.8,35.6,3,1,,,2.5,,,
61065,Oakridge Public Schools,89.92,2.01,2,3,1,,2,0.75,4.25,13.07,4.81,47.73,2.33,10.07,3.3,7.24,1.72,,,,3,,,1.25
61080,Fruitport Community Schools,135.73,13.95,3,6,,4.2,2,1,9,15.8,13.35,73.08,8.6,15.4,7.1,18,9.79,2.85,,,4.51,,,3.79
61120,Holton Public Schools,47,6.85,1,1,,,2.6,,3,5.09,2.4,26.96,4.75,3,,7.97,1,0.8,,,1.5,,,
61180,Montague Area Public Schools,60.8,6.18,0.5,2.8,,1.86,1,3,3.34,5.56,2.03,24.19,6,3,2.45,9.14,1.6,0.88,2,,3.3,,,1.6
61190,Orchard View Schools,122.61,22,2.5,4,1,2,3,1,8.25,20.95,29.5,112.44,1,6.8,2,,3,,,,1,,,2
61210,Ravenna Public Schools,45.39,5.84,1,,,,4,1,6,6.25,0.92,25.9,4,4.08,1,6.58,3,,,,0.05,,,1.5
61220,Reeths-Puffer Schools,169.2,0.1,,5,1,2.1,7.5,1.25,9.68,22.25,8.33,82.28,18.2,9.3,8.43,4.76,11.1,27.88,0.8,,6.12,,,
61230,North Muskegon Public Schools,46.55,7.92,,1.6,,1,1,,3.5,7.5,1.4,12.01,3.5,2.75,0.85,,0.8,,,,,,,1
61240,Whitehall District Schools,106.53,17.55,1,3,,1,2,2,10.05,36.5,13.18,37.55,5.1,7.35,0.8,,2,6.7,,,0.5,,,0.35
61902,Timberland Academy,30.5,3.77,,,1,,4.02,,,2.38,,4.09,3,,1,2.43,1.5,,,,,,,
61903,WayPoint Academy,13.7,3.95,1,,,,2,1,0.5,1,0.5,5,3,,,,,,,,,,,0.6
61904,Three Oaks Public School Academy,19,2.5,1,,,,0.2,,1,2,,6,1.5,,,,1,,,,,,,
61905,Muskegon Heights Public School Academy,57,,1,1,,,7,,5,5,2.5,14.5,7,,1.2,2,1,6,,,1,,,
62000,Newaygo County RESA,10.2,34.1,,1,,,1,2.4,9.6,11.3,1.7,32,3.1,,20.6,10,10.6,1.7,15.6,,4,,,4
62040,Fremont Public School District,92.73,28.61,1,3.6,0.5,1.93,1.5,1,5.5,14.66,3.6,64.9,16.42,,,22.71,,,,,3.5,,,
62050,Grant Public School District,92.1,23.71,1.82,1,,,2.3,0.8,5,9.25,5.1,36.47,7.8,3.2,,13.06,4,0.66,,,3,,,2.3
62060,Hesperia Community Schools,53.9,11,1,1,,1,1.4,,4.3,7.55,5,20.35,6,2,,7,,,1,,,,,
62070,Newaygo Public School District,72.82,27.13,,1,,,2,1,5.43,6.65,4.64,33.78,3.7,3.9,,,,,,,,,,
62090,White Cloud Public Schools,50.5,16.37,,1,,,0.9,0.5,4.1,5.75,4,22.23,3.66,5.58,0.27,10.16,,,,,1,,,1
62470,Big Jackson School District,4,,,,,,1,,0.1,0.9,,1,,,,,,,,,,,,
63000,Oakland Schools,21.04,29.5,41.97,4,,0.83,29.7,16.09,86.14,84.37,25.79,243.17,,,14.5,,6.33,5.54,69,,16,,,1
63010,School District of the City of Birmingham,460.61,76.79,1,15.5,14,8.6,15.97,7,47.33,64.63,10,330.8,34.75,28.3,14,112,28.4,1,,,6,,,
63020,Ferndale Public Schools,168.1,21.49,1,7.5,1,1,4,2,15,43.95,15.98,101.4,6.48,8.32,3.7,22,6,3,,,5,,,1
63030,Pontiac City School District,206.5,102.29,,7,2,2,11.01,3.02,17.7,29.9,52.6,193.8,50.5,6,7.5,41,29,3,,,2,,,
63040,School District of the City of Royal Oak,238.5,4.96,1,7,1,4.5,5,5.46,15.2,32.55,1,136.18,9.1,11.7,12.3,31.04,14.4,3.57,2.6,,4,,,
63050,Berkley School District,225.57,9.89,3.75,9.25,7,,7.6,7.9,21.2,26.34,4.49,114.55,28.16,,8.84,51.75,10.4,,1,,2.5,,,
63060,Southfield Public School District,365.64,32,2,15,2.8,0.75,13.4,6.92,52.4,35.1,2.7,217.4,58,,15.7,47.47,13.8,,1,,9,,,
63070,Avondale School District,158.15,10.25,1.4,6,,5,3.8,1,11.59,19.3,1,107.63,22.65,2.41,8,30.59,9.49,2,,,1.07,,,
63080,Bloomfield Hills Schools,331.65,44.2,8,15,9,4.43,13,2,46.6,48.12,41.35,221.3,31.73,24.69,20.7,83.04,23.8,23.5,0.83,,6,,,
63090,Clarenceville School District,84.55,28.1,1.1,1.8,2,,2.9,2,5.6,11,7.2,37.17,7.3,7.3,0.53,8,3.7,2,,,1.4,,,0.6
63100,Novi Community School District,317.34,10.75,3,9.45,7,5.46,7,2.5,14,41.33,11.61,133.93,13.7,25.75,16,30.17,8.4,,2,,4.1,,,1.9
63110,Oxford Community Schools,220.78,25.69,8,6,1.14,1,7.95,4.35,15.55,20.74,11.64,126.53,13.89,16.78,5,23.75,7.04,0.04,5.34,,1,,,3
63130,"Hazel Park, School District of the City of",195.95,32.19,2,4,4,2,7,5,14.32,31.5,35.81,91.76,40.96,13.04,8,55.76,14.6,2,6,,2,,,
63140,Madison District Public Schools,67.53,13.58,,2,,2.34,2.25,1,7.75,9.62,2,19.57,2,,9.17,1,2,3,0.6,,1,,,
63150,Troy School District,615.87,50.89,16.25,17.5,10.5,6.59,10.5,4.5,58.39,69.95,32.4,292.08,21.14,26.2,31.7,39.6,23.38,68.52,3,,8.4,,,
63160,West Bloomfield School District,282.52,45.24,2.4,11,6,9.8,7,3.83,17.65,42.54,18.8,165.35,28.7,19.4,10,69.91,14.4,4.8,5.6,,3.35,,,
63180,Brandon School District in the Counties of Oakland and Lapeer,133.63,8.59,4,2,0.8,2.4,6.5,3,4,22.96,9.99,70.99,18.7,5.5,2.9,10.31,5.3,0.7,,,6.5,,,
63190,Clarkston Community School District,339.77,88.58,5.35,9.65,5.5,6,9.9,2.25,21.2,36.78,42.62,147.5,42.63,17.97,14.1,83.2,20.15,1.1,,,2,,,2
63200,Farmington Public School District,543.42,56.56,11,19.1,13,,10,8.42,31.1,72.62,30.82,229.74,56.35,48.15,32,136.5,40.5,12,10,,8.5,,,4
63210,Holly Area School District,143.5,5.1,2.9,4,,,5,2.5,9.1,20.1,3,118.65,9.5,19,15.1,57.9,7.2,1,,,2.5,,,
63220,Huron Valley Schools,446.29,42.45,0.4,13.6,4.8,10.5,17.5,5,27.5,60.31,28.46,494.31,31.9,14.2,34.2,92.5,18.8,,8.7,,3,,,
63230,Lake Orion Community Schools,357.47,54.43,19.88,11.5,7,,4.95,4.41,30.11,55.92,27.24,185.3,31.44,30.89,16.1,44.37,18.1,0.15,1.43,,5.05,,,1
63240,South Lyon Community Schools,330.4,15.04,5.05,7.6,4,2.01,10.1,3.5,21.5,44.13,14.44,215.72,20.2,6.5,12.2,19.93,9.1,0.25,,,3,,,1
63250,"Oak Park, School District of the City of",162,14.73,1,6,1,2,0.9,15,13.1,13.85,10.33,47.63,27,,1,19,6.75,8,,,,,,
63260,Rochester Community School District,677.85,99.43,9.38,30.2,17,,11.62,4.1,52.2,97.37,63.05,323.77,28.9,69.9,43.4,147.52,38.7,1.15,8.3,,9,,,
63270,Clawson Public Schools,86.9,47.8,0.1,2,1,2.4,3.1,1,7.1,15.67,6.9,53.39,23,1,5.7,,7.95,0.6,0.8,,2,,,1
63280,Lamphere Public Schools,143.28,15.3,2,3,3.25,,3,2,12.55,23.29,2,86.91,23.37,2.83,3.3,29.7,6.3,,,,2.9,,,1
63290,Walled Lake Consolidated Schools,654.83,123,0.49,24.5,7,11.58,15.4,3.4,46.85,83.07,60.93,328.33,56.3,34.5,31.3,,21.1,2,3.4,,7.6,,,
63300,Waterford School District,489.5,54.45,2,21,4,2,15,3,44.75,96.3,35.7,381.73,51.47,55.62,21,31,42,96.9,3.7,,6.5,,,
63901,AGBU Alex-Marie Manoogian School,22.8,2.6,,1,,,2.25,,,4,2.5,2.09,1.6,,,,,,,,,,,
63903,Academy of Southfield,20,,,,,,,,3,1,1,2,2,,,,2,,,,,,,1
63906,Pontiac Academy for Excellence,62,6,,2,1,,,,8,9.5,10.5,16.2,8,,,,2,1,,,3,,,2
63907,Great Lakes Academy,18,1,,,1,,1,,2,1,,3,,1,,,,,,,,,,
63910,Dr. Joseph F. Pollack Academic Center of Excellence,43,4,2,1,,,1.95,1,2.05,4,4,5,,,2,,0.9,2,,,1,,,1
63911,Holly Academy,49,5,,,,,3.01,1,2,1.5,3.5,8.05,4,1,1.6,,0.2,2.6,,,,,,
63912,Oakland International Academy,37.2,14,,,,,0.2,,4,4,5.3,7,2,,,,,,,,,,,
63913,Walton Charter Academy,40.22,5.74,,,0.4,,4.85,,0.01,2.88,,4.43,3,,1.01,6.34,1.6,,,,,,,
63914,Advanced Technology Academy,75.88,10.77,2.08,4,,0.54,3.06,1.37,11.2,5.9,4.75,16.18,7,,,1.15,1,,,,1.35,,,0.6
63915,Arts and Technology Academy of Pontiac,26,6,,,,,,1,2,1,2,5,1,1,,,1,,,,,,,1
63916,Academy of Waterford,13,,,,,,,,3,1,3,3,2,,,,,,,,,,,1
63917,Bradford Academy,64,7,3,2,,,0.2,,7,5,4,13,7,,,,2,,,,,,,
63918,Laurus Academy,33,8.24,,,1,,4,,0.01,2.38,,3.89,4,,1.2,2.51,1.43,,,,,,,
63920,Life Skills Center of Pontiac,4,,,,,,0.5,,1,1,3,1,,0.5,,,,,,,,,,
63921,Crescent Academy,57.56,18.36,,1.2,,,0.2,,5.25,7.46,2.88,40.85,3,,1.5,,3.4,1.5,,,,,,2
63922,Great Oaks Academy,34.38,6.74,,,0.5,,4.02,,,2.25,,4.98,3,,1,,1.33,,,,,,,
63923,Four Corners Montessori Academy,16.5,13.5,,,,,0.2,,1,2,,3.5,1.5,,,,,,,,,,,
63924,Michigan Mathematics and Science Academy,29.1,2,,,,1,1,,1.9,3,,3,1,,,,,,,,,,,1
63925,Taylor International Academy,19.5,2.7,1,,,,0.05,,0.95,3.37,2.65,2.95,2.5,,0.4,,0.52,0.3,,,,,,
63926,Faxon Language Immersion Academy,5,,,,,,,,,,,,,,,,,,,,,,,
63927,Michigan School for the Arts,9,9,,,,,,,1,1,1,1.5,1,,,,,,,,,,,1
64040,Hart Public School District,73.57,27,1,1.83,,,1,1,,20.9,4.1,67.5,3,,2,8.5,1,,,,1,,,3
64070,Pentwater Public School District,17.01,0.65,0.5,,,,1.6,1,,1.25,7.11,5.86,1,0.5,,,,0.96,,,0.1,,,
64080,Shelby Public Schools,68.45,29.2,,3,,,6,0.32,8.25,12.15,4.61,42.45,7.68,0.12,,13.8,,,0.4,,1,,,0.35
64090,Walkerville Public Schools,14.7,5.25,,,,,4.5,0.35,0.5,2.2,1.87,5.33,1.85,,,,,,,,,,,0.5
65045,West Branch-Rose City Area Schools,102.13,8.15,,5,,,2,1,10.05,13.71,5.23,57.86,8.47,3.2,2.29,29.73,3,,3.45,,3,,,
66045,Ewen-Trout Creek Consolidated School District,15.43,1.14,,0.14,,,1,0.2,,2.25,0.02,5.09,2,,,2.12,,0.5,,,,,,
66050,Ontonagon Area Schools,16.83,3.33,,0.33,,,0.5,0.54,1.34,2.46,1.58,9.75,2.84,,,1.67,,,,,,,,
67020,Evart Public Schools,44.69,3.36,,2.02,,,2,,5.43,7.08,8.47,24.51,3,2,,1,,,,,0.4,,,
67050,Marion Public Schools,27.47,1.53,1,1,,,2.01,1,0.5,2.01,5.36,13.32,2.8,1.2,,0.66,,,,,,,,
67055,Pine River Area Schools,58.84,8.38,,0.5,,,0.95,0.8,5.35,7.94,2.11,20.54,6.16,1.5,,1.79,0.4,,,,0.4,,,0.2
67060,Reed City Area Public Schools,71.05,1,,2,,1,2.8,1,3.9,9.4,,39.72,,9,,5,,,,,1.5,,,
68010,Mio-AuSable Schools,33.14,,,1,,,1,0.5,3.5,3.01,0.5,11.39,3,1,,3.5,,,,,,,,0.86
68030,Fairview Area School District,15.15,5.5,0.6,0.6,,,1,,0.9,3,1.6,7.3,,2.4,,1,,,,,,,,
69020,Gaylord Community Schools,129.05,27.09,1,5,,4.9,2.3,1,10,15.9,5.57,58.99,8.4,6.6,,,2.5,14.35,6.1,,3.7,,,0.5
69030,Johannesburg-Lewiston Area Schools,37.68,2.57,,1,,,2,,3,8.45,4.63,19.53,1.33,1.83,,1,,,1.67,,1.43,,,
69040,Vanderbilt Area Schools,10.34,,,,,,1,,1,,4,,0.66,,,,,,0.5,,,,,
70000,Ottawa Area ISD,6.09,32.57,14.18,2,,1.6,12.1,8.6,21.29,32.57,13.35,74.15,39.65,6,22.75,8,15.94,95.38,29.75,,2.1,,,4
70010,Grand Haven Area Public Schools,280.84,41.5,2,7,6,6.62,3,1.5,21.1,32.95,25.06,151.32,20.53,24.47,9.55,89.18,15.35,1.04,,,6.69,,,0.12
70020,Holland City School District,178.46,30.38,,7.3,,,1,5.22,9.6,26.55,20.5,50.27,20.77,22.76,8.9,44.5,12.6,5.45,1,,3.6,,,5
70040,Allendale Public Schools,108.74,9.63,2.5,1.95,,0.7,2,2,8.1,12.99,1.54,60.85,1.5,10.29,2,5,5,,,,1.05,,,0.5
70070,West Ottawa Public School District,352.97,23.29,3.25,7,6.99,6,5,1.2,17.85,45.79,4.78,147.21,21.2,23.6,10.7,22.08,11.2,,1,,5,,,
70120,Coopersville Area Public School District,105.84,21.25,1,0.86,,0.5,6.6,1,6,14.3,7.5,79.1,11.37,4.78,3.9,14,4.02,0.1,,,3,,,1
70175,Jenison Public Schools,207.27,44.33,5.49,4.8,,,7.99,1,10.26,30.98,10.83,119.46,10,36,7.7,23.79,8.53,1.33,,,4.5,,,2.57
70190,Hudsonville Public School District,292.11,63.42,8.6,6.97,1.4,8.32,5,1,18.62,35.02,21.19,124.12,22.55,13.51,7.54,35.65,10.2,7.1,,,3.9,,,2
70300,Spring Lake Public Schools,119.63,5.95,,4.5,1,,3.91,1,7,11.48,6.29,33.75,4.15,6.85,,21.87,2.4,1.68,,,1.85,,,2
70350,Zeeland Public Schools,261.4,22.4,,5.6,,1.6,4,11.25,16,37.3,24.1,140.6,21.1,16.1,,9,10.4,33.9,,,3.5,,,2
70901,Walden Green Montessori,9,8.7,0.36,,,,2.05,,,1,,,1,,,,0.53,,,,,,,
70902,West MI Academy of Arts and Academics,27.25,2.4,1,,,,0.5,,1.5,1.6,,,,,,0.75,,,,,1,,,
70904,Black River Public School,50.27,4.5,,,,,2.25,,1,5,0.45,6.65,7,0.18,,5.75,3.2,1,,,,,,0.8
70905,Vanderbilt Charter Academy,25.14,13.74,,,1,,3.01,,,2.39,,3.25,2,,0.88,2.95,1.3,,,,,,,
70906,Eagle Crest Charter Academy,36.16,5.56,,,0.5,,1,,1.01,2.38,,3.62,2.5,,0.9,4.81,0.8,,,,,,,
70907,Wavecrest Career Academy,6,2,,0.5,,,,0.04,0.5,1,,0.1,1,,,,0.15,,,,1,,,
70908,Innocademy,10,3.05,,,,,1,,,,1,0.55,,,0.15,,0.15,,,,,,,
71050,Onaway Area Community School District,33.5,2,,0.5,,,1,1,4.45,3.5,4.25,10,2.5,,,,,2,1,,,,,1.3
71060,Posen Consolidated School District No. 9,14,2,,,,,0.5,,1,3,,10.95,1,,,,,,,,,,,
71080,Rogers City Area Schools,29,1.85,0.6,1,,,0.33,1,2.67,2,3.15,15.53,3.2,,,4.95,,,,,,,,
71902,Presque Isle Academy II,2,1,,,,,,,,1,,0.3,,,,,,,,,,,,1
72000,C.O.O.R. ISD,,0.75,0.61,,,,2.25,3,3.66,11,3.55,16.2,6,,5.95,24,5.55,1.2,3.05,,3,,,
72010,Roscommon Area Public Schools,60.17,,1,3,,1,3.95,1,2,8.45,9.58,27.79,8,,,,,4,,,1.05,,,
72020,Houghton Lake Community Schools,79.52,6.8,3.6,3.66,1,,1.61,,4,8.79,4.3,54.75,11.76,,0.83,3.8,2.3,1.91,,,1.5,,,1
72901,Charlton Heston Academy,15,4.5,1,,,,1,,1,1.5,,4,1,,,,,,,,2,,,
73000,Saginaw ISD,26,150.58,2.01,1,,1,19.85,8.5,25.55,23.33,13.65,134.59,41,4,33.51,77.36,42.8,20.9,,,9.95,,,3.05
73010,"Saginaw, School District of the City of",357.9,58.8,4.5,8,,,3.95,3,30,51.64,84.11,199.15,42.2,25.8,10.7,34,16,4,14,,6.25,,,
73030,Carrollton Public Schools,90.48,63.3,,2.8,1,0.05,1.95,1,6,12.19,9.05,39.19,14.52,9.06,,,2.75,2,0.94,,4.1,,,0.2
73040,Saginaw Township Community Schools,223.59,2.2,,7,1,,6.01,4,16.67,34.71,5.5,109.2,24.76,9,2.83,29,4,4,,,4,,,0.7
73080,Buena Vista School District,29,5,,1,,,,1,4,3.02,2,37.1,6,2,,5,,,,,,,,
73110,Chesaning Union Schools,70,12.57,0.7,2,,,2,1.5,4.72,11.02,3.54,37.08,9.8,0.5,2.45,2.4,,,1.2,,3.58,,,
73170,Birch Run Area Schools,80.35,4.7,1.9,3,0.6,,1,2,6.6,9.04,5.98,31.97,2.75,5.75,1,7.2,1,,2.55,,2,,,0.4
73180,Bridgeport-Spaulding Community School District,72.8,7,,1,,1,4,3,7,8,1.5,39.58,13,3,1,7,2,,,,,,,1
73190,Frankenmuth School District,54.7,1.47,1.88,2,,2.31,2.9,1,4.6,8.74,0.8,25.48,2,3,,11.98,,,0.2,,1,,,
73200,Freeland Community School District,78,,0.4,3,1,,0.9,1,4.1,9.11,2.15,37.33,5.83,6.17,,10.36,,,,,5,,,
73210,Hemlock Public School District,56.6,10.53,2.1,1,,,0.9,1.5,4.85,7.99,4.94,35.38,7.6,3.2,,11.87,,,0.4,,2.25,,,
73230,Merrill Community Schools,31.12,9.97,,2.2,,0.6,2,1,3,3.93,0.2,8.98,,3.73,1,2.9,,,1.05,,3.5,,,1
73240,St. Charles Community Schools,45.6,11.49,,2,,,0.9,1,2.1,7.37,7.45,27.22,4.2,2.2,,4.16,,,,,,,,2
73255,Swan Valley School District,79.73,2.74,,1,1,,1,2,5.25,6.55,,32.16,4.05,6.09,,4.9,1,,0.28,,3.02,,,0.75
73905,Saginaw County Transition Academy,2.7,1,,,,,0.35,,0.35,1.05,2.4,0.7,0.53,,,,,,,,,,,
73908,Saginaw Preparatory Academy,22,13.43,,,,,0.01,,2.99,1,1,8.62,1.5,,0.3,,1.3,,,,,,,
73909,Francis Reh PSA,21,7.97,1,,,,0.01,,0.99,1.4,1.5,9.13,2,,0.57,0.88,0.9,,,,,,,
73910,North Saginaw Charter Academy,20,8.53,,,1,,4,,0.01,2.39,,4.78,2,,0.6,2.88,1.05,,,,,,,
73911,Saginaw Learn to Earn Academy,3.44,1,,,,,0.65,,0.65,1.95,3.6,1.3,1.33,,,,,,,,,,,
73912,International Academy of Saginaw,20.5,1,,,,,,1,4,2,1.3,3.55,1,,1,,,0.75,,,,,,
74000,St. Clair County RESA,8.6,12.66,21.45,3,,2.01,7,2,12.01,31.28,7.02,110.76,16,2,4,41,8,5.3,4,,16.17,,,1
74010,Port Huron Area School District,465.35,20.84,4,14.5,1,5.5,11,3,29,95.35,14.88,166.39,39.4,41,18.3,68,9,3,,,8,,,
74030,Algonac Community School District,94.08,11.87,2,1,0.8,,1.7,2,5.3,10.65,3.95,73.82,1,11.8,3.99,4.96,2.05,,0.6,,,,,1.8
74040,Capac Community Schools,57.25,11.78,,1.6,,,1.4,1,2.9,9.76,9.54,34.31,6.02,1.28,1.6,6.08,0.8,,0.75,,2,,,1
74050,East China School District,206.11,19.88,4,6,4.5,,4.8,0.6,12.5,37.96,14.64,133.62,9.9,11.9,9,24.3,3,,,,5,,,1.5
74100,Marysville Public Schools,113.8,10,,3,,,3.01,2,6.5,26.02,,46.11,4.15,7.95,5,8,2.9,,,,1.5,,,
74120,Memphis Community Schools,45.8,5,,2,,1,1.3,1.4,3,4.6,2,28.9,2,4,1,2,1,,,,,,,
74130,Yale Public Schools,90.9,9.81,,3,,3.73,1,0.3,7,16.12,1,64.71,4.4,5.4,2.4,3.92,1,,,,5.6,,,3
74901,St. Clair County Learning Academy,2.02,0.8,,,,,,,0.01,1,,,,,,,,,,,,,,
74903,Landmark Academy,52.95,8.5,2.5,1,,,0.9,,4.15,9,1,7,6,,1,,2.5,0.5,,,,,,
74906,Blue Water Learning Academy,0.8,,,,,,0.15,,0.05,,,,,,,,1,,,,,,,
74910,St Clair Co. Academy of Style,,1,,,,,,,0.01,,,,,,,,,,2,,,,,
74911,St. Clair County Intervention Academy,4,,,,,,,,1,1,0.5,,2,,,,,,,,,,,
74912,Virtual Learning Academy of St. Clair County,5,,,1,,,,,0.01,1.07,2,,,,,,,,,,,,,1
74913,St. Clair County Career Prep Academy,,5.09,,2,,,,,0.01,,1.3,7,,,,,,,10,,,,,
74914,Blue Water Middle College,,,,,,,,,0.01,,,,,,,,,,,,1.99,,,
75000,St. Joseph County ISD,,,9.02,,,,7,2,2,9.01,2.25,14.05,12,1,24,25,14.85,8.8,,,3,,,
75010,Sturgis Public Schools,150.94,48.65,,7.8,1,1,3.5,1,12,19.7,7,54.25,13.51,3,,10,,1,2.82,,2.5,,,1.7
75020,Burr Oak Community School District,16.83,3.9,0.5,1,,,1.55,0.1,0.67,2.95,1.6,8.26,1.17,,,,,,,,0.25,,,
75030,Centreville Public Schools,46.3,12.93,,1,1,,1.35,,2.31,7.5,4.5,13.9,5,,,,1,,2,,0.16,,,0.5
75040,Colon Community School District,35.43,9.85,0.5,1,,0.7,1.1,0.7,3.5,5.15,2.5,28.65,1.82,2.5,,3,,,,,1.5,,,
75050,Constantine Public School District,69.8,,,2,,,1.99,2,2.01,3.66,10,16.78,12,,,,,,0.2,,2,,,
75060,Mendon Community School District,36.4,8,,,,,1.5,,2.5,4.7,2,12.69,5.6,,,1,,,,,,,,1
75070,White Pigeon Community Schools,40.11,8.3,,1,,,1,,7.44,5.26,1.5,18.16,1.86,1.43,,5,,,1,,1,,,0.65
75080,Three Rivers Community Schools,135.97,23.79,1.84,2.85,1,,1.66,1,6,19.75,33.07,77.69,8.6,9.57,0.04,3,,5.5,2,,5.74,,,0.1
75100,Nottawa Community School,12,2.67,,,,,0.4,0.6,0.6,0.4,,2.94,0.6,,,,,,,,1.61,,,
76000,Sanilac ISD,,9,,,,,2.35,2.4,3.02,5.42,2,12.83,5,6,2,15.8,8,1.27,10.5,,1,,,
76060,Brown City Community Schools,48.42,14.09,,2.5,1,,2,1,3.67,6.54,5.02,20.75,1.16,2.34,0.8,2.86,,,,,4.9,,,
76070,Carsonville-Port Sanilac School District,28.5,,,,,,2.5,0.55,2,3.85,1.75,9.12,0.34,1.66,,1,,,,,,,,
76080,Croswell-Lexington Community Schools,108.18,21.3,4,3,,4,5.99,1,6.01,11.3,3,68.78,3.66,1.9,1,2,1,,,,2,,,
76090,Deckerville Community School District,31.86,7.83,1,1,,,0.68,1,3,4,1.17,14.5,,,1,,,,,,0.82,,,
76140,Marlette Community Schools,52,6,,2,,,4.13,3.55,3,5.15,3,51.51,,3,4,0.5,1,,,,,,,
76180,Peck Community School District,25.46,2.9,,1,,,2,,2.2,4.85,2.93,8.23,2,,,,,0.5,,,,,,0.6
76210,Sandusky Community School District,49.36,8.3,,2,,,3,,3,7,4.3,17.77,,5,1,0.25,,,,,0.5,,,
77010,Manistique Area Schools,41,6.22,,1,,,3,2.1,2.5,4.07,4.03,22.17,0.8,2.5,0.4,1.31,,1.4,,,1.33,,,0.67
78000,Shiawassee Regional ESD,,11,9,,,,11.1,1.2,6.4,14.18,6.04,35,15,1,12,28,42.8,11.7,1,,3,,,
78020,Byron Area Schools,49.84,2.5,,1,,,4,,4.8,10,,56.69,5.5,1,1,,,,3.33,,,,,0.5
78030,Durand Area Schools,77.83,8.37,1,3,1,,3,1,7.83,10,1.4,56.39,11.69,4.36,,8,,,2.03,,2.1,,,
78040,Laingsburg Community Schools,50,9.4,,2,,,2,,3.01,6,3,35.07,,3.2,,4,,,,,,,,0.49
78060,Morrice Area Schools,33.17,6.25,0.5,1,0.5,,1.6,1,3,3,0.6,10.96,2.33,1,,2,,1,,,1,,,
78070,New Lothrop Area Public Schools,43.35,0.6,1.13,,1,,1,1,3.1,4.1,4.9,28.74,,3,,,,,0.4,,0.5,,,1
78080,Perry Public Schools,59.67,8.35,2.1,2,,,3.65,,4,7.95,1.47,36.43,3.04,7.29,,4,,,2,,1,,,
78100,Corunna Public Schools,95.9,23.72,,3,,,6,,6,11.31,14.77,30.93,14.5,1,,4.65,,0.12,7,,,,,1
78110,Owosso Public Schools,147.58,36.95,1.67,4,1,,5.1,8.25,10.45,11.36,7.43,83.47,16.04,6.65,,16.16,,,3.02,,3,,,3
79000,Tuscola ISD,,,5.05,3,,,6.3,7.25,10.05,31,7.33,50.8,28.71,2,9.57,55.54,21.66,11.84,16,0.45,1.3,,,
79010,Akron-Fairgrove Schools,13.16,4.86,,,,,2.58,0.6,,3,0.67,4.53,1.67,,,,,,,,0.1,,,
79020,Caro Community Schools,86.36,12.3,,2,,,1,1,7.25,9.53,14.14,35.27,,10.83,,10.07,2,,,,2.9,,,
79030,Cass City Public Schools,47.26,12.72,2,,1,,1,,3.75,8.9,8.07,34.43,5,,,1,1,,,,2,,,1
79080,Kingston Community School District,28.04,9,,,,1.25,1.04,0.5,2.7,4.9,3,22.68,3.17,,0.15,1,,,,,0.05,,,
79090,Mayville Community School District,33.83,3.25,,1,1,,2,1,3,4,1.5,22.31,2.1,0.9,0.75,2,,,,,,,,
79100,Millington Community Schools,63.18,12.01,,1,,,1.25,1,4.63,9.31,1.02,45.08,5.67,1.5,,5.39,3,,,,,,,
79110,Reese Public Schools,43.61,7.92,,,,,3.5,,3.1,9.87,1.5,15.92,4.89,1.11,,6.6,,,,,,,,0.5
79145,Unionville-Sebewaing Area S.D.,31.45,4,1,,,,1,,2,8.02,6.47,23.03,,2.45,,0.8,1,,,,0.04,,,
79150,Vassar Public Schools,62.27,35.95,,2,,,1.49,1.3,6.51,12.07,0.15,32.72,3.85,3.98,,,0.5,,,,,,,0.1
80000,Van Buren ISD,17,15.2,2,4,,,12.3,7.5,20.49,27.9,20,109.24,32,10,32.03,80,43.31,13.05,29.49,,4,,,
80010,South Haven Public Schools,105.76,14.63,1,3,,,3.1,,5,14.45,11.83,46.03,16,,,16,,3.32,,,,,,
80020,Bangor Public Schools (Van Buren),61.7,14.1,,1,1,1,6.6,1,6.9,9,6.9,33.76,4,,,,2,,,,,,,
80040,Covert Public Schools,28.33,5,1,1,0.67,,3.1,0.75,3.9,6.25,7,16.5,5,,,1,,,,,1,,,
80050,Decatur Public Schools,44.65,9,,3,,,1,0.5,0.9,6.5,1,18.7,1,7.65,,5,,0.45,,,,,,1.35
80090,Bloomingdale Public School District,61.9,9.53,,1,,,1,1,3,7,7.23,43.79,4.2,5.4,,5.9,,,,,,,,
80110,Gobles Public School District,40.3,3.3,1,2,,,2.7,1,2.3,6.15,3.5,33.15,1.65,2.05,,3.55,,,,,,,,
80120,Hartford Public Schools,66.75,18,,2,,4,4.79,,4.6,10.26,4.15,28.23,8,,,2,,,,,1.25,,,
80130,Lawrence Public Schools,31.16,9,1,,,,1,,5,6.15,4.5,19,2,2,,3,,,,,,,,
80140,Lawton Community School District,51.49,5.49,1.5,2,,,1,1,5.05,6.5,10.85,24.68,1.33,3.87,,2.68,,,1.22,,2.6,,,1.2
80150,Mattawan Consolidated School,156.1,17.36,7.9,5,4.5,,2,1,10.05,23.16,20.87,90.3,5.52,11.37,0.8,14.41,4,0.66,,,4,,,0.95
80160,Paw Paw Public School District,105.3,7.5,1.5,3,,,2,2,6.1,19.9,20.34,64.16,8.36,6.64,,4,,7.46,,,1,,,1
80240,Bangor Township S/D #8,2,,,,,,2,,1,,,,,,,,,,,,,,,
81000,Washtenaw ISD,,0.2,4,,,,19.5,8,4,15.17,12.2,263.72,23,0.4,31.41,53,5.52,2.3,,,8.25,,,2
81010,Ann Arbor Public Schools,820.15,27.8,26,35,25.7,,11,7.3,65.6,147.42,62.3,1302.42,36.7,54.8,78.7,170.5,43.8,65,6.6,,14.2,,,3.2
81020,School District of Ypsilanti,156.85,8,,4.3,1.92,2,6,4.8,11.8,18.13,3.55,59.73,12,12.6,23.3,75,16.71,7.1,3,,,,,
81040,Chelsea School District,110.24,4,1,3,,,3.85,1,7.13,15.83,8.3,120.3,11,,11.5,43.5,5.6,1,2,,2.5,,,
81050,Dexter Community School District,164.63,0.8,4,6.35,6,,2,1.9,14,28.14,10.66,91.28,13.6,1,16.4,38.81,10.4,,1,,6.1,,,
81070,Lincoln Consolidated School District,180.33,2.9,3,6,4.5,,3,2.03,10,24.96,5.15,65.42,30.6,8.8,15.8,65.54,11.5,,1,,4,,,
81080,Manchester Community Schools,54.1,1.86,1,1.5,,1,1.01,,4,11.56,1,35.35,4.52,1.28,6,25.2,1.5,0.8,,,2.4,,,
81100,Milan Area Schools,115.35,17.3,1,5.5,,1,2,1,10.58,17.75,8,59.05,6.5,,11,48.65,3,,,,4,,,1
81120,Saline Area Schools,211.27,20.21,5.1,7.6,4.25,,10,1,15.15,45.94,14.47,115.32,20.65,2,24.74,74.55,9,2,5.75,,1,,,3
81140,Whitmore Lake Public School District,50.72,8.05,,3.02,,1,2,1.01,4.8,7.6,,31.58,1.04,,7.04,15,3.4,,3,,3.25,,,1.75
81150,Willow Run Community Schools,67.4,12,2.5,1,1,,4,0.6,5,10,2.8,26.65,14,,5.6,,4,0.5,6,,0.6,,,
81901,Honey Creek Community School,15.41,1.49,,,,0.5,2,,0.5,1.89,,2.85,,,0.85,3.5,0.73,,,,1,,,
81902,Central Academy,28.25,10.55,1,,,,0.12,,3,3.75,3,8.4,1.2,,1,,0.6,,,,,,,
81903,Washtenaw Technical Middle College,11.6,,,2,,,1,,0.05,2,0.95,,,,1,,,,,,,,,
81904,Ann Arbor Learning Community,17.79,1.2,,,,,0.2,,0.8,2.3,0.2,1.55,,,0.9,,1.5,,,,,,,
81905,South Arbor Charter Academy,35.8,1.63,,,1,,4,,0.01,2.74,,2.67,1.75,,0.6,2.7,1.05,0.44,,,,,,
81906,Fortis Academy,36,3.12,,,1,,4.76,,,2.33,,2.65,2,,0.6,2.58,0.93,,,,,,,
81908,Multicultural Academy,20,5,,,,,0,,2.5,,4,7.28,1,,,,,,,,,,,
81909,Arbor Preparatory High School,16.4,,0.25,,,,2.16,,,1,1,1.15,2,,0.2,,0.06,,,,,,,
81910,East Arbor Charter Academy,30.01,4.01,,,1,,5.01,,,2.33,,2.2,2,,1,1.76,1.6,,,,,,,
81911,WSC Academy,1.75,,1,,,,0.69,,3.3,1.58,1.33,,,,,,1,,,,,,,
81912,South Pointe Charter Academy,25,3,,,1,,4,,0.01,2,,1.85,2,,0.8,2.5,0.5,,,,,,,
82000,Wayne RESA,,21.08,22.99,,,4.98,28.73,3.96,103.04,52.57,,85.92,,,,,,,,,3.38,,,
82010,Detroit City School District,2323.7,566,,103,2,13,102.5,14,433,379.6,87,1259,399.6,308,103.4,554,191,81.5,56,,68.5,,,1
82020,Allen Park Public Schools,149.2,14.1,0.3,5,3,,2.5,2.6,5,16.1,24.8,65,,18,5,18,5,1,1,,1.6,,,2.5
82030,Dearborn City School District,997.6,42.61,,20.5,8.5,9,23,7.77,80,106.74,22.03,466.18,50.5,61.5,48.7,78.08,57.2,39.91,1,,4,,,1.8
82040,Dearborn Heights School District #7,116.5,14.14,2,5,3,,2,2.06,12,11,5,42.75,11.5,0.5,5,5,2,,1.5,,1.5,,,1
82045,Melvindale-North Allen Park Schools,111.14,10.7,1,2,,,2,1.94,8.61,18.69,6.69,57.23,8.52,2.48,2,,3,1,,,1.5,,,
82050,Garden City Public Schools,203.45,6.92,,6.8,2,,6,3,16.5,42.37,9.6,110.78,99.64,4,14.7,104,17,,0.62,,1,,,
82055,Grosse Pointe Public Schools,425.26,38.1,12.92,16,8.49,,8,2.4,25,67.81,25,158.09,52.5,19.31,23,76.17,25.3,1,1.2,,4,,,1
82060,"Hamtramck, School District of the City of",148.49,23.95,,2,2,,4,1.5,15.6,40.25,3.51,61.73,11.5,2.5,3,6.75,5.99,,1,,3,,,2
82070,Highland Park City Schools,,,,,,,,1,1,1,,1,,,,,,,,,1,,,
82080,School District of the City of Inkster,84.5,7,1,4,2,,3,2,11,8,8,31.51,14,,,7,2,2,,,1,,,
82090,"Lincoln Park, School District of the City of",199.4,9,,5,1,,3,4,12.1,27.75,0.4,76.01,26.5,22,9.5,33,11,13.99,2,,3.39,,,1
82095,Livonia Public Schools School District,609.55,20.71,3,23.4,22,1.9,11,4.31,48.95,94.35,18.79,371.42,129.7,14.1,38.4,176.8,27,29.7,20.5,,7,,,0.6
82100,Plymouth-Canton Community Schools,756.43,29.9,,28.5,23,12.15,13,10,51.85,115.29,67.25,374.31,76.8,26,27.8,125.95,19,12.6,8.6,,9.95,,,2
82110,"Redford Union Schools, District No. 1",111.6,20.2,,4,,,2.96,1,10.05,21.47,3,33.16,6.2,41.4,14.6,50,17.3,2,,,2,,,
82120,"River Rouge, School District of the City of",48,6.3,,0.4,,1,1.9,,4.1,8,6.62,32.88,7.8,2.2,1,0.88,2.27,,0.4,,2,,,
82130,Romulus Community Schools,135.7,4.15,0.2,6,,6,3,2.4,14,20.57,5,94.7,15.85,9.05,6.1,12.15,6,0.29,2.5,,3,,,1
82140,South Redford School District,143.57,11.72,,4,1,,4.66,2.01,9.51,19.19,6.69,59.82,8.55,1.5,13.95,11.3,4,,,,2,,,
82150,Taylor School District,335.05,59.6,1,14,2,8.49,3,3,34.85,64.92,61.03,286.11,79.5,,14.8,53,21.65,6.5,6,,6.9,,,
82155,Trenton Public Schools,111.56,2.36,2,4.5,1.6,,4,2.5,9.2,13.25,11.08,26.75,22,,18.7,0.93,3.3,21.75,1.25,,3,,,0.4
82160,Wayne-Westland Community School District,502.19,56.4,7,18.69,3,8.4,6,5.83,33.1,87.12,26.96,277.34,65.5,27,43.5,125.8,64,19,14.99,,17.9,,,3
82170,"Wyandotte, School District of the City of",148.8,42,4,3,,1,3.9,4,12.1,23.69,5.1,112.3,89.9,6,11.4,174,22.3,6,6.6,,2,,,
82180,Flat Rock Community Schools,89.5,6.87,2,1.6,,3,3,1,8.75,14.49,17.81,56.73,7.8,,1,2.81,2.75,2,2,,,,,
82230,Crestwood School District,156.3,12.71,,5.6,0.25,,2,1,8.01,28.83,7.01,90.39,10.9,8.75,2.9,18.5,3.92,,1.95,,6.99,,,1
82240,Westwood Community School District,97.5,24.42,1.5,3,1,,3,3,16,12,4.6,25.15,6.35,10.5,3.67,6.4,2,,0.8,,1.5,,,
82250,Ecorse Public Schools,59,2.49,1.47,,,0.49,2.05,2,2.95,9.28,4.49,43.32,5,,,,3,,,,2,,,
82290,Gibraltar School District,151.6,7,1.2,5,2,,3,6,8.45,12.7,8.3,72.66,16.4,1,4,5.5,3,1.8,3,,2.55,,,0.2
82300,Grosse Ile Township Schools,81.56,7.26,1,3.29,1,,2.9,1,5.1,12.64,5.28,36.28,6,4,2,,2,5.07,2.28,,,,,
82320,"Harper Woods, The School District of the City of",47.1,7.25,,3,,,2,,7,8,11.74,30.12,8,,3,,2,,1,,0.2,,,1
82340,Huron School District,108.8,3.37,,4.66,1,,3.01,0.98,9.02,12.17,9.41,70.41,6,10.9,3.8,11.78,1.6,,2.5,,1,,,
82365,Woodhaven-Brownstown School District,218.33,12.7,,7,4,,1.8,6.1,11.7,25.4,9.7,86.94,20.2,9.3,25.3,20.26,10,,6.4,,6.3,,,
82390,Northville Public Schools,305.54,10.33,0.04,9,2.2,,3.1,1.21,18,40.5,36.79,99.27,49,9,17.1,127.25,14.7,5.6,,,4.9,,,1
82400,Riverview Community School District,114.86,13.2,,4,1,,1,1,8,12,5,74.28,9.09,2.74,2.43,17,2.59,,1,,3.21,,,
82405,Southgate Community School District,214.08,19.4,1,4,1,,1.9,,22.98,32.66,2.49,86.51,1.75,45.25,7.8,8,23.8,67,3,,6.1,,,1
82430,Van Buren Public Schools,218.65,3.22,2,5,6,,5,4,13.5,25.22,17.4,128.73,21.5,13,2,40.2,9.8,2.6,,,2.5,,,1
82701,University Preparatory Science and Math (PSAD),44.2,2,,,,,1.4,0.05,11.78,4.4,1.45,3.42,3,,,,,,,,,,,
82702,University Preparatory Academy (PSAD),125,0.1,2,2,,,1.6,0.05,22.94,9.6,1,7.98,5.8,,1,,2,,,,1,,,1
82703,Henry Ford Academy: School for Creative Studies (PSAD),65,,2,,,,,,4,2,4,3.5,4,,,,1,,,,,,,2
82716,Vista Meadows Academy,7.8,1,,1,,,0.2,,1,1,0.08,3,1.3,,,,1.2,1,,,,,,
82717,Achieve Charter Academy,29.15,4.89,,,1,,4.01,,,2.31,,2.25,1.4,,0.5,,0.55,,,,,,,
82718,Quest Charter Academy,32,12.8,,,1,,4.2,,0.02,2.32,,4.35,3,,1,3.07,1.43,,,,,,,
82719,Washington-Parks Academy,49,5,2,,,,0.87,,3.76,3.6,10.64,3.7,3,,,,1,,,,0.87,,,
82722,Detroit Leadership Academy,18.75,,3.5,,,0.25,0.5,1,2,0.75,3.25,0.75,2,,,,,,,,,,,
82723,Legacy Charter Academy,35.31,3.96,,,1,,5.01,,,2.33,,2.92,1.5,,1.2,0.94,1.5,,,,,,,
82724,University Yes Academy,18,,1,,,,0.05,2,5,1,,3.8,1,,,,1,,,,2,,,
82725,Global Heights Academy,10,5.55,,,,,0.12,,2,1,,1.05,1,,,,,,,,,,,
82726,Japanese American School of South East Michigan,5.6,1,,,,,,,1.8,,,,,,,,,,,,0.2,,,
82727,Regent Park Scholars Charter Academy,29,7.31,,,1,,5.01,,,2.39,,2.9,2,,,2.57,1.35,,,,,,,
82728,Jalen Rose Leadership Academy,10,,,,,,0.2,,1.8,1.63,,,1,,,,,,,,,,,
82729,South Canton Scholars Charter Academy,30,4.02,,,1,,4.01,,,2.31,,2.88,1.5,,0.4,3.14,1.1,,,,,,,
82730,American International Academy,9.5,3,,,,,1,,1,1,2.8,2.5,2,,,,,,,,,,,
82731,GEE Edmonson Academy,19,3.6,,,,,0.12,,2,1.75,1,5,2,,,,,,,,,,,
82732,GEE White Academy,23,8.6,,,,,0.12,,2,1.75,3,9,2,,,,,,,,,,,
82733,EMAN Hamilton Academy,17,3,,1,,,0.2,,2,2,2.5,2,1,,1,,,,,,,,,
82734,New Paradigm Glazer Academy,9,,,,,,0.5,,0.5,1,1,1,,,,,,,,,,,,
82735,New Paradigm Loving Academy,11,0.5,,,,,1,,,,1.5,2,,,,,,,,,,,,
82736,Starr Detroit Academy,24,,1,,,,,,,2,2,1,,,,,,,,,,,,2
82738,Academy of International Studies,3,,0.5,,,,0.05,,0.95,2,,1.95,0.55,,,,0.2,,,,,,,
82739,Detroit Innovation Academy,7,,,,,,0.5,1,1,,,0.25,1,,,,,,,,,,,
82741,Cornerstone Health School,2,,1,,,,0.05,,1.15,0.5,2.05,,,,,,,,,,,,,
82742,Madison-Carver Academy,5,,,,,,0.08,,1.24,0.5,,0.8,,,,,,,,,,,,
82743,Plymouth Scholars Charter Academy,26,2.25,,,1,,4.01,,,2,,1.6,1.5,,0.5,1.31,1,,,,,,,
82744,Escuela Avancemos!,4,,,,,,,,,,1,,,,,,,,,,,,,
82745,Caniff Liberty Academy,12,,,,,,0.2,,1,2,1,,,,1,,,,,,,,,
82746,W-A-Y Academy,10,,,,,,0.1,,0.5,,21.9,,,,,,,,,,,,,0.5
82747,International Preparatory Academy-MacDowell Campus,16.5,2,0.5,,,,0.2,,1.8,5,2,3,1,,2,,1,3,,,,,,1
82748,Rutherford Winans Academy,13,1,1,,,,2,1,,1,,3,1,,,,,,,,,,,
82749,Highland Park Public School Academy,30,12.38,4,2,,,0.02,1,2.98,3.94,3,6.45,5,,0.95,2.44,1.2,,,,,,,
82750,Wolverine Academy (SDA),5,,,,,,0.2,,2,2,,,,6,6,,,,,,,,,
82751,Michigan Educational Choice Center,52,2,,,,,,1,3,4,6,1,3,,1,,,1,,,,,,
82752,Capstone Academy Charter School (SDA),2,,,,,,0.5,,1,,1,,,1,,,,,,,,,,
82753,Andrew Young Early College Academy,4,2,,,,,1,,1,1,,4,,,,,,,,,,,,
82902,Casa Richard Academy,6.5,,,,,,0.3,,1.2,2,,1.5,1,,,,,,,,,,,0.5
82903,Aisha Shule/WEB Dubois Prep. Academy School,9.2,2.5,,,,,,,3,1,,2.75,,,,,,,,,0.05,,,
82904,Plymouth Educational Center Charter School,57.7,,,1,,,2,,3,1.7,3,18.9,2,,,,,1,1,,0.3,,,1.5
82905,Nataki Talibah Schoolhouse of Detroit,19,3,0.75,,,,1,,2.05,,1,4,,,,,,,,,,,,
82907,Michigan Technical Academy,57,13.7,2,,,,1.75,4,6,1,5,26.95,4,,2,,4,,,,2.75,,,1
82909,Detroit West Preparatory Academy,11,6.8,,0.2,,,0.2,,3,1.62,1.4,4.8,1,,,,1,,,,,,,
82910,"Martin Luther King, Jr. Education Center Academy",18,2,,,,,1,,1.1,1.4,1.4,1,,,,,,,,,,,,
82911,Gaudior Academy,15.95,7.5,,,,,0.2,1,1.8,3.2,1.4,2.98,,,,,,,,,,,,1
82913,Woodward Academy,41.5,6,1,,,,5.95,2,1.05,3.5,2,13,2,,0.5,,1,1,,,2,,,
82915,Eaton Academy,27,8,,1,,1,0.1,,2.01,1,2,8,2,,,,,,,,,,,
82916,Summit Academy,21.2,17.44,1,,,,0.2,,2.5,1.75,,14.69,5,,1,,,,,,,,,1
82918,Cesar Chavez Academy,106.38,29.26,4,,,,0.03,4.92,7.97,5.67,2,30.93,10.5,,1.25,16.18,6.11,,,,,,,
82919,Commonwealth Community Devel. Academy,11.58,1.13,1,,,,2.5,,0.5,2,,4.35,,,,,,,,,,,,
82921,Academy for Business and Technology,38.85,8.58,2,1,,,0.02,,2.98,4.12,2.3,7.52,4,,0.85,3.26,2.3,,,,,,,
82922,Nsoroma Institute,11.5,2,,,,,1,,0.05,,1,5.25,1,,0.25,,,,,,,,,
82923,Chandler Park Academy,103,1,3,4,,,1,,10,14,15.8,42.75,,,4,,1,,,,,,,
82924,Marvin L. Winans Academy of Performing Arts,71.5,11,2,1,,,1,,4,18,10,7.5,2,,3,,,1,,,,,,1
82925,Detroit Community Schools,48,4,,0.8,,,7,,4.75,7.5,4,12.2,4,,,,1,,,,2,,,
82926,Henry Ford Academy,23.4,1,,1.5,,,1,,1.1,2,5.35,,1,,1.5,,,,,,,,,1
82927,HEART Academy,7.75,,,1,,,0.5,,1.25,1,,,1,,,,1,,2,,,,,
82928,The Dearborn Academy,26,9,,,,,2,,3,2,1,8.75,,1,0.25,3,2.25,5,,,,,,1
82929,Detroit Academy of Arts and Sciences,40,6,1,,,,3,,5,3,7,6,4,,,,,,,,1,,,
82930,Dove Academy of Detroit,28,5.5,,,1,,0.5,,1,1,0.5,,,0.5,,,1,,,,,,,
82933,Timbuktu Academy of Science and Technology,11,2,,,,,2,,2,1,6,1,,,1,,,,,,,,,
82937,George Crockett Academy,22.35,2.72,1.04,,,,0.01,1.66,1.37,1.83,1.46,3.12,2.15,,0.4,0.84,1.64,,,,,,,
82938,Summit Academy North,76.4,32.01,5,,,,1.2,0.5,11.33,10.43,7.93,25.3,7,,1,,4,0.88,,,,,,
82939,Pierre Toussaint Academy,14.25,9.67,,1,,,0.01,1,2.49,1,1,4.74,,,0.15,0.88,0.14,,,,,,,
82940,Voyageur Academy,40.4,10.9,1.57,,,,0.02,2.63,2.84,4.7,1.8,23.72,3.7,,0.3,5.41,2.5,,,,,,,
82941,Star International Academy,85.24,15.55,,1.9,,,1.91,0.87,25.62,7.04,17.99,21.68,1.37,,0.74,,2.06,,,,1.76,,,
82942,Hope Academy,30,7,,,,,0.1,,1.9,3,,,2,,,,1,,,,,,,1
82943,Weston Preparatory Academy,20,3.5,1,,,,0.5,,1,2,1,1.66,,,1,,,,,,,,,
82945,Edison Public School Academy,59,4,3.75,,,0.25,3,1,6.7,6,6.5,11.05,,,,,,,,,1,,,1
82947,David Ellis Academy,13,6,,,,,2,,2.05,3,2,3.6,1,,0.25,,0.25,,,,,,,1.5
82948,Ross-Hill Academy,8,5,,,,,1,,1.75,2.05,1.5,2,0.5,,,,0.1,,,,,,,
82949,Center for Literacy and Creativity,6,1,,,,,0.1,,0.9,1,2,1,1,,,,,,,,,,,
82950,Universal Academy,27.25,7.4,,1.5,,,1.37,0.33,9.04,2.18,9.43,4,0.75,0.25,0.12,,0.91,,,,0.66,,,
82953,Detroit Service Learning Academy,47.5,2,1.5,,,,,1.07,4.5,4,9,8.13,,,5.5,5,0.7,,,,,,,2
82955,Allen Academy,40.6,20.34,1,,,,0.01,1.62,4.49,2.88,3,14.41,3,,0.53,2.6,2.9,,,,,,,
82956,Old Redford Academy,113,10.5,1,1,1,,4,4.5,11,12.5,16,41.75,11,,,,,,,,,,,
82957,Hope of Detroit Academy,13.75,5.22,1.12,,,,0.01,1.06,2.09,2.24,0.12,5.29,1.18,,,2.78,0.1,,,,,,,
82958,Joy Preparatory Academy,18,8.48,,,,,0.01,,1.99,3.17,1,8.5,1.75,,0.2,0.8,1.1,,,,,,,
82959,West Village Academy,19.5,4,1,,,,1,,3,3,0.95,3,1,,,,1,,,,,,,1.05
82962,New Beginnings Academy,13,2,,0.5,,,0.49,1,0.01,,3,0.9,,,,,,,,,0.5,,,
82963,George Washington Carver Academy,18,6,,,,,1,1,3,1,2,9.63,1,,,,,,,,,,,
82967,Metro Charter Academy,33.56,7.78,,,,,4.01,,,2.39,,2.64,3,,1,1.76,1.4,,,,,,,
82968,Canton Charter Academy,31.25,4.55,,,1,,4,,0.01,2.69,,3.03,1.5,,0.7,2.64,0.95,,,,,,,
82969,Creative Montessori Academy,27,30,1,,,,0.2,,2,2,,2,3,,,,,,,,,,,
82970,Warrendale Charter Academy,40,4.81,,,,,3.61,,0.9,2.26,,4.07,3,,0.7,,1.2,,,,,,,
82971,Blanche Kelso Bruce Academy,56,22.4,,6.3,,,1.6,0.5,10,10,2.6,3,0.5,2,6.9,,7.4,,,,,,,
82973,Trillium Academy,36,5.5,,2,,,1.51,,3.99,2.5,5.5,2,4,,,,3,1,,,,,,
82974,Detroit Merit Charter Academy,38.4,7.88,,,0.1,,4.02,,,2.46,,3.5,2.5,,1,1,1.5,,,,,,,
82975,Riverside Academy,57,33.25,2,,,,0.12,,5,8.5,3.25,14.67,2,,1,,0.4,,,,,,,
82976,Keystone Academy,33.51,4.56,,,1,,5.01,,,2.38,,2.13,2,,0.8,0.88,1.08,,,,,,,
82977,Hamtramck Academy,26.5,7.18,,,1,,3.01,,,2.38,,3.4,1.5,,0.3,,1.25,,,,,,,
82979,Detroit Enterprise Academy,33.5,9.07,,,,,4.11,,,2.54,,4.28,2.5,,0.9,,1.15,,,,,,,
82981,American Montessori Academy,20.1,25.66,2,,,,0.2,,4,4.9,3,6.12,2,,1,,2,,1,,,,,
82982,Universal Learning Academy,36.93,9.49,,0.5,,,1.09,0.36,9.6,2.8,11.2,6.9,0.66,,0.25,,1.03,,,,0.73,,,0.5
82983,Bridge Academy,37,19.75,0.5,,,,0.12,,4,4.5,2.25,15.2,2,,,,0.8,,,,,,,
82984,Dr. Charles Drew Academy,20,5,1,,,,1.2,,1,2,,1,,,,,,,,,,,,
82985,Detroit Premier Academy,34.01,12.65,,,,,4.01,,,2.26,,6.04,2,,0.7,2,1.3,,,,,,,
82986,Hanley International Academy,29,2,,,,,1.3,,3.4,4,9,6,3.3,,1,,1,,,,,,,
82987,Frontier International Academy,13,8,,,,,0.12,,2,1.75,3.25,7.75,1,,,,0.5,,,,,,,
82988,Discovery Arts and Technology PSA,15,2,,,,,,,2,1,1,0.5,1,,,,1,,,,,,,
82989,Covenant House Academy Southwest,8,,,,,,0.33,,2,2,1.67,1,1,,,,,,,,,,,
82990,Covenant House Academy East,4.5,3,,,,,0.34,,2,2,2.99,,1,,1,,,,,,,,,
82991,Covenant House Academy Central,7.5,1,,,,,0.34,,2,1.34,3.83,,1,,,,,,,,,,,
82992,Northpointe Academy,21,3,,,,,1,,1,2,1,3.48,1,,1,1,,,,,,,,
82994,David Ellis Academy West,27,11,3,,,,2,,3.55,3,1,8.45,1.7,,0.75,,0.5,,,,,,,0.5
82995,Taylor Exemplar Academy,31,9.68,,,1,,4.5,,0.01,2.31,,3.03,2,,1,1.76,1.2,,,,,,,
82996,Clara B. Ford Academy (SDA),12.6,3,,1,,,0.2,,1,1,,0.09,2.1,,,,1.2,1,,,,,,
82997,Flagship Charter Academy,30.51,7.04,,,1,,5,,0.01,2.25,,3.66,3,,2,0.88,1.3,,,,,,,
82998,ACE Academy (SDA),13,3,1,,,,0.6,,0.5,1,4.5,,,1,,1,,,,,,,,
83000,Wexford-Missaukee ISD,4,12.8,1,2,,,4.8,3,8.01,13.01,,16.62,8,5,23.7,6.58,14.05,22.81,18.5,,4,,,
83010,Cadillac Area Public Schools,146.25,15.86,4.75,3.8,1,0.5,2,2,9.4,14.2,19.5,62.07,1.1,13.22,,,,,,,,,,2.2
83060,Manton Consolidated Schools,44.8,6.7,0.5,1,,,2,,7.5,7.9,1.9,24.2,0.8,3,,5.5,0.75,,,,,,,1
83070,Mesick Consolidated Schools,34,7,,1,,,3.01,1,,4.02,2.08,15.74,4,1,,,1,,,,3,,,
84050,Michigan School for the Deaf,1,,,1.2,,1,,4,2,5.5,5.1,28.5,4,18,,,1,3,,,,,,
84060,Education Achievement System-EAS,200,,,12,1,,8,,27,,9,185,,,,,,,,,3,,,
,,,,,,560.56,557.94,,,,,,,,,,,,,,,,,,